RawTimestamp,LocalTime,HR_Direct,HR_Buffered,PPG,GSR,Temperature
1743374436097,18:40:36.097,-1,-1,0,1.71208791208791,26.4608428180218
1743374436117,18:40:36.117,-1,-1,0,1.71208791208791,26.4608428180218
1743374436136,18:40:36.136,-1,-1,0,0.236910684671878,26.4608428180218
1743374436156,18:40:36.156,-1,-1,0,0.236910684671878,26.4608428180218
1743374436175,18:40:36.175,-1,-1,0,0.236910684671878,26.4608428180218
1743374436195,18:40:36.195,-1,-1,0,0.236910684671878,26.4608428180218
1743374436214,18:40:36.214,-1,-1,0,0.236910684671878,26.4608428180218
1743374436234,18:40:36.234,-1,-1,0,0.201656647649679,26.4608428180218
1743374436253,18:40:36.253,-1,-1,0,0.201656647649679,26.4608428180218
1743374436273,18:40:36.273,-1,-1,0,0.201656647649679,26.4608428180218
1743374436292,18:40:36.292,-1,-1,0,0.201656647649679,26.4608428180218
1743374436312,18:40:36.312,-1,-1,0,0.201656647649679,26.4608428180218
1743374436331,18:40:36.331,-1,-1,0,0.197069597069597,26.4608428180218
1743374436351,18:40:36.351,-1,-1,0,0.197069597069597,26.4608428180218
1743374436370,18:40:36.370,-1,-1,0,0.197069597069597,26.4608428180218
1743374436390,18:40:36.390,-1,-1,0,0.197069597069597,26.4608428180218
1743374436409,18:40:36.409,-1,-1,0,0.197069597069597,26.4608428180218
1743374436429,18:40:36.429,-1,-1,0,0.196026196026196,26.4608428180218
1743374436448,18:40:36.448,-1,-1,0,0.196026196026196,26.4608428180218
1743374436468,18:40:36.468,-1,-1,0,0.196026196026196,26.4608428180218
1743374436487,18:40:36.487,-1,-1,0,0.196026196026196,26.4608428180218
1743374436507,18:40:36.507,-1,-1,0,0.196026196026196,26.4608428180218
1743374436526,18:40:36.526,-1,-1,0,0.196026196026196,26.4608428180218
1743374436546,18:40:36.546,-1,-1,0,0.196026196026196,26.4608428180218
1743374436565,18:40:36.565,-1,-1,0,0.195582195582196,26.4608428180218
1743374436585,18:40:36.585,-1,-1,0,0.195582195582196,26.4608428180218
1743374436604,18:40:36.604,-1,-1,0,0.195582195582196,26.4608428180218
1743374436624,18:40:36.624,-1,-1,0,0.195138195138195,26.4608428180218
1743374436643,18:40:36.643,-1,-1,0,0.194694194694195,26.4608428180218
1743374436663,18:40:36.663,-1,-1,0,0.194694194694195,26.4608428180218
1743374436682,18:40:36.682,-1,-1,0,0.194694194694195,26.4608428180218
1743374436702,18:40:36.702,-1,-1,0,0.194250194250194,26.4608428180218
1743374436721,18:40:36.721,-1,-1,0,0.194250194250194,26.4608428180218
1743374436741,18:40:36.741,-1,-1,0,0.193806193806194,26.4608428180218
1743374436760,18:40:36.760,-1,-1,0,0.193362193362193,26.4608428180218
1743374436780,18:40:36.780,-1,-1,0,0.192918192918193,26.4608428180218
1743374436799,18:40:36.799,-1,-1,0,0.192030192030192,26.4608428180218
1743374436819,18:40:36.819,-1,-1,0,0.192030192030192,26.4608428180218
1743374436838,18:40:36.838,-1,-1,0,0.192030192030192,26.4608428180218
1743374436858,18:40:36.858,-1,-1,0,0.192474192474192,26.4608428180218
1743374436877,18:40:36.877,-1,-1,0,0.192474192474192,26.4608428180218
1743374436897,18:40:36.897,-1,-1,0,0.192474192474192,26.4608428180218
1743374436916,18:40:36.916,-1,-1,0,0.192474192474192,26.4608428180218
1743374436936,18:40:36.936,-1,-1,0,0.192918192918193,26.4608428180218
1743374436955,18:40:36.955,-1,-1,0,0.193362193362193,26.4608428180218
1743374436975,18:40:36.975,-1,-1,0,0.192918192918193,26.4608428180218
1743374436994,18:40:36.994,-1,-1,0,0.192918192918193,26.4608428180218
1743374437014,18:40:37.014,-1,-1,0,0.192918192918193,33.6462597678183
1743374437033,18:40:37.033,-1,-1,0,0.193362193362193,33.6462597678183
1743374437053,18:40:37.053,-1,-1,0,0.193362193362193,33.6462597678183
1743374437072,18:40:37.072,-1,-1,0,0.194250194250194,33.6462597678183
1743374437092,18:40:37.092,-1,-1,0,0.194250194250194,33.6462597678183
1743374437111,18:40:37.111,-1,-1,0,0.194250194250194,33.6462597678183
1743374437131,18:40:37.131,-1,-1,0,0.194250194250194,33.6462597678183
1743374437150,18:40:37.150,-1,-1,0,0.194250194250194,33.6462597678183
1743374437170,18:40:37.170,-1,-1,0,0.194250194250194,33.6462597678183
1743374437189,18:40:37.189,-1,-1,0,0.194694194694195,33.6462597678183
1743374437209,18:40:37.209,-1,-1,0,0.194694194694195,33.6462597678183
1743374437228,18:40:37.228,-1,-1,0,0.194694194694195,33.6462597678183
1743374437248,18:40:37.248,-1,-1,0,0.194694194694195,33.6462597678183
1743374437267,18:40:37.267,-1,-1,0,0.194250194250194,33.6462597678183
1743374437287,18:40:37.287,-1,-1,0,0.194694194694195,33.6462597678183
1743374437306,18:40:37.306,-1,-1,0,0.194694194694195,33.6462597678183
1743374437326,18:40:37.326,-1,-1,0,0.194694194694195,33.6462597678183
1743374437345,18:40:37.345,-1,-1,0,0.194694194694195,33.6462597678183
1743374437365,18:40:37.365,-1,-1,0,0.194694194694195,33.6462597678183
1743374437384,18:40:37.384,-1,-1,0,0.194250194250194,33.6462597678183
1743374437404,18:40:37.404,-1,-1,0,0.194694194694195,33.6462597678183
1743374437423,18:40:37.423,-1,-1,0,0.194694194694195,33.6462597678183
1743374437443,18:40:37.443,-1,-1,0,0.194250194250194,33.6462597678183
1743374437462,18:40:37.462,-1,-1,0,0.194250194250194,33.6462597678183
1743374437482,18:40:37.482,-1,-1,0,0.193806193806194,33.6462597678183
1743374437501,18:40:37.501,-1,-1,0,0.193362193362193,33.6462597678183
1743374437521,18:40:37.521,-1,-1,137.728937728938,0.193362193362193,33.6462597678183
1743374437540,18:40:37.540,-1,-1,542.124542124542,0.193806193806194,33.6462597678183
1743374437560,18:40:37.560,-1,-1,889.377289377289,0.193362193362193,33.6462597678183
1743374437579,18:40:37.579,-1,-1,1121.61172161172,0.191586191586192,33.6462597678183
1743374437599,18:40:37.599,-1,-1,1259.34065934066,0.189366189366189,33.6462597678183
1743374437618,18:40:37.618,-1,-1,1320.87912087912,0.189366189366189,33.6462597678183
1743374437638,18:40:37.638,-1,-1,1336.26373626374,0.189366189366189,33.6462597678183
1743374437657,18:40:37.657,-1,-1,1332.60073260073,0.189366189366189,33.6462597678183
1743374437677,18:40:37.677,-1,-1,1321.61172161172,0.188922188922189,33.6462597678183
1743374437696,18:40:37.696,-1,-1,1303.2967032967,0.188478188478188,33.6462597678183
1743374437716,18:40:37.716,-1,-1,1296.7032967033,0.188034188034188,33.6462597678183
1743374437735,18:40:37.735,-1,-1,1290.84249084249,0.187590187590188,33.6462597678183
1743374437755,18:40:37.755,-1,-1,1283.51648351648,0.187146187146187,33.6462597678183
1743374437774,18:40:37.774,-1,-1,1277.65567765568,0.187146187146187,33.6462597678183
1743374437794,18:40:37.794,-1,-1,1279.85347985348,0.185814185814186,33.6462597678183
1743374437813,18:40:37.813,-1,-1,1292.30769230769,0.182706182706183,33.6462597678183
1743374437833,18:40:37.833,-1,-1,1331.13553113553,0.181818181818182,33.6462597678183
1743374437852,18:40:37.852,-1,-1,1386.81318681319,0.182262182262182,33.6462597678183
1743374437872,18:40:37.872,-1,-1,1464.46886446886,0.182262182262182,33.6462597678183
1743374437891,18:40:37.891,-1,-1,1542.85714285714,0.182262182262182,33.6462597678183
1743374437911,18:40:37.911,-1,-1,1622.71062271062,0.182706182706183,33.6462597678183
1743374437930,18:40:37.930,-1,-1,1686.44688644689,0.182262182262182,33.6462597678183
1743374437950,18:40:37.950,-1,-1,1724.54212454212,0.182262182262182,33.6462597678183
1743374437969,18:40:37.969,-1,-1,1759.70695970696,0.182706182706183,33.6462597678183
1743374437989,18:40:37.989,-1,-1,1785.34798534799,0.183150183150183,33.6462597678183
1743374438008,18:40:38.008,-1,-1,1804.3956043956,0.183150183150183,33.6762781598372
1743374438028,18:40:38.028,-1,-1,1816.11721611722,0.183594183594184,33.6762781598372
1743374438047,18:40:38.047,-1,-1,1822.71062271062,0.183594183594184,33.6762781598372
1743374438067,18:40:38.067,-1,-1,1808.79120879121,0.183594183594184,33.6762781598372
1743374438086,18:40:38.086,-1,-1,1777.28937728938,0.184038184038184,33.6762781598372
1743374438106,18:40:38.106,-1,-1,1742.85714285714,0.184482184482184,33.6762781598372
1743374438125,18:40:38.125,-1,-1,1720.14652014652,0.184926184926185,33.6762781598372
1743374438145,18:40:38.145,-1,-1,1705.49450549451,0.184926184926185,33.6762781598372
1743374438164,18:40:38.164,-1,-1,1692.30769230769,0.185370185370185,33.6762781598372
1743374438184,18:40:38.184,-1,-1,1669.59706959707,0.185370185370185,33.6762781598372
1743374438203,18:40:38.203,-1,-1,1643.95604395604,0.185814185814186,33.6762781598372
1743374438223,18:40:38.223,-1,-1,1626.37362637363,0.186258186258186,33.6762781598372
1743374438242,18:40:38.242,-1,-1,1607.32600732601,0.186258186258186,33.6762781598372
1743374438262,18:40:38.262,-1,-1,1586.08058608059,0.186702186702187,33.6762781598372
1743374438281,18:40:38.281,-1,-1,1561.17216117216,0.186702186702187,33.6762781598372
1743374438301,18:40:38.301,-1,-1,1550.91575091575,0.187146187146187,33.6762781598372
1743374438320,18:40:38.320,-1,-1,1533.33333333333,0.187590187590188,33.6762781598372
1743374438340,18:40:38.340,-1,-1,1514.28571428571,0.187590187590188,33.6762781598372
1743374438359,18:40:38.359,-1,-1,1487.17948717949,0.188034188034188,33.6762781598372
1743374438379,18:40:38.379,-1,-1,1470.32967032967,0.188034188034188,33.6762781598372
1743374438398,18:40:38.398,-1,-1,1457.14285714286,0.188478188478188,33.6762781598372
1743374438418,18:40:38.418,-1,-1,1447.61904761905,0.188478188478188,33.6762781598372
1743374438437,18:40:38.437,-1,-1,1420.51282051282,0.188922188922189,33.6762781598372
1743374438457,18:40:38.457,-1,-1,1399.2673992674,0.189366189366189,33.6762781598372
1743374438476,18:40:38.476,-1,-1,1393.40659340659,0.189366189366189,33.6762781598372
1743374438496,18:40:38.496,-1,-1,1389.01098901099,0.189366189366189,33.6762781598372
1743374438515,18:40:38.515,-1,-1,1382.41758241758,0.18981018981019,33.6762781598372
1743374438535,18:40:38.535,-1,-1,1380.95238095238,0.18981018981019,33.6762781598372
1743374438554,18:40:38.554,-1,-1,1376.55677655678,0.19025419025419,33.6762781598372
1743374438574,18:40:38.574,-1,-1,1364.10256410256,0.190698190698191,33.6762781598372
1743374438593,18:40:38.593,-1,-1,1356.04395604396,0.190698190698191,33.6762781598372
1743374438613,18:40:38.613,-1,-1,1358.97435897436,0.190698190698191,33.6762781598372
1743374438632,18:40:38.632,-1,-1,1354.57875457875,0.190698190698191,33.6762781598372
1743374438652,18:40:38.652,-1,-1,1342.12454212454,0.191142191142191,33.6762781598372
1743374438671,18:40:38.671,-1,-1,1334.06593406593,0.191586191586192,33.6762781598372
1743374438691,18:40:38.691,-1,-1,1337.72893772894,0.192030192030192,33.6762781598372
1743374438710,18:40:38.710,-1,-1,1364.83516483516,0.192030192030192,33.6762781598372
1743374438730,18:40:38.730,-1,-1,1412.45421245421,0.192030192030192,33.6762781598372
1743374438749,18:40:38.749,-1,-1,1493.77289377289,0.192030192030192,33.6762781598372
1743374438769,18:40:38.769,-1,-1,1602.9304029304,0.192474192474192,33.6762781598372
1743374438788,18:40:38.788,-1,-1,1709.89010989011,0.192918192918193,33.6762781598372
1743374438808,18:40:38.808,-1,-1,1793.40659340659,0.193362193362193,33.6762781598372
1743374438827,18:40:38.827,-1,-1,1863.73626373626,0.193362193362193,33.6762781598372
1743374438847,18:40:38.847,-1,-1,1920.87912087912,0.193362193362193,33.6762781598372
1743374438866,18:40:38.866,-1,-1,1953.11355311355,0.193362193362193,33.6762781598372
1743374438886,18:40:38.886,-1,-1,1974.35897435897,0.193806193806194,33.6762781598372
1743374438905,18:40:38.905,-1,-1,1980.21978021978,0.194250194250194,33.6762781598372
1743374438925,18:40:38.925,-1,-1,1982.41758241758,0.194250194250194,33.6762781598372
1743374438944,18:40:38.944,-1,-1,1981.68498168498,0.194250194250194,33.6762781598372
1743374438964,18:40:38.964,-1,-1,1978.02197802198,0.194250194250194,33.6762781598372
1743374438983,18:40:38.983,-1,-1,1964.10256410256,0.194694194694195,33.6762781598372
1743374439003,18:40:39.003,-1,-1,1912.08791208791,0.194694194694195,33.6862842439441
1743374439022,18:40:39.022,-1,-1,1833.69963369963,0.194694194694195,33.6862842439441
1743374439042,18:40:39.042,-1,-1,1769.23076923077,0.194694194694195,33.6862842439441
1743374439061,18:40:39.061,-1,-1,1726.73992673993,0.194694194694195,33.6862842439441
1743374439081,18:40:39.081,-1,-1,1715.75091575092,0.194250194250194,33.6862842439441
1743374439100,18:40:39.100,-1,-1,1713.55311355311,0.193806193806194,33.6862842439441
1743374439120,18:40:39.120,-1,-1,1706.22710622711,0.194250194250194,33.6862842439441
1743374439139,18:40:39.139,-1,-1,1679.12087912088,0.194250194250194,33.6862842439441
1743374439159,18:40:39.159,-1,-1,1641.02564102564,0.193806193806194,33.6862842439441
1743374439178,18:40:39.178,-1,-1,1609.52380952381,0.193806193806194,33.6862842439441
1743374439198,18:40:39.198,-1,-1,1588.27838827839,0.193362193362193,33.6862842439441
1743374439217,18:40:39.217,-1,-1,1561.17216117216,0.192918192918193,33.6862842439441
1743374439237,18:40:39.237,-1,-1,1531.86813186813,0.192918192918193,33.6862842439441
1743374439256,18:40:39.256,-1,-1,1517.21611721612,0.193362193362193,33.6862842439441
1743374439276,18:40:39.276,-1,-1,1494.50549450549,0.193362193362193,33.6862842439441
1743374439295,18:40:39.295,-1,-1,1450.54945054945,0.192918192918193,33.6862842439441
1743374439315,18:40:39.315,-1,-1,1418.31501831502,0.192918192918193,33.6862842439441
1743374439334,18:40:39.334,-1,-1,1400,0.192474192474192,33.6862842439441
1743374439354,18:40:39.354,-1,-1,1391.94139194139,0.192918192918193,33.6862842439441
1743374439373,18:40:39.373,-1,-1,1385.34798534799,0.192918192918193,33.6862842439441
1743374439393,18:40:39.393,-1,-1,1373.62637362637,0.192918192918193,33.6862842439441
1743374439412,18:40:39.412,-1,-1,1370.69597069597,0.192474192474192,33.6862842439441
1743374439432,18:40:39.432,-1,-1,1369.23076923077,0.192474192474192,33.6862842439441
1743374439451,18:40:39.451,-1,-1,1358.24175824176,0.192474192474192,33.6862842439441
1743374439471,18:40:39.471,-1,-1,1337.72893772894,0.192474192474192,33.6862842439441
1743374439490,18:40:39.490,-1,-1,1330.40293040293,0.192474192474192,33.6862842439441
1743374439510,18:40:39.510,-1,-1,1323.80952380952,0.192474192474192,33.6862842439441
1743374439529,18:40:39.529,-1,-1,1300.3663003663,0.192474192474192,33.6862842439441
1743374439549,18:40:39.549,-1,-1,1281.31868131868,0.192030192030192,33.6862842439441
1743374439568,18:40:39.568,-1,-1,1276.19047619048,0.192030192030192,33.6862842439441
1743374439588,18:40:39.588,-1,-1,1265.93406593407,0.192030192030192,33.6862842439441
1743374439607,18:40:39.607,-1,-1,1247.61904761905,0.192030192030192,33.6862842439441
1743374439627,18:40:39.627,-1,-1,1249.81684981685,0.192030192030192,33.6862842439441
1743374439646,18:40:39.646,-1,-1,1295.2380952381,0.192030192030192,33.6862842439441
1743374439666,18:40:39.666,-1,-1,1398.5347985348,0.192030192030192,33.6862842439441
1743374439685,18:40:39.685,-1,-1,1523.07692307692,0.191586191586192,33.6862842439441
1743374439705,18:40:39.705,-1,-1,1648.35164835165,0.192030192030192,33.6862842439441
1743374439724,18:40:39.724,-1,-1,1747.25274725275,0.192030192030192,33.6862842439441
1743374439744,18:40:39.744,-1,-1,1845.42124542125,0.192030192030192,33.6862842439441
1743374439763,18:40:39.763,-1,-1,1911.35531135531,0.191586191586192,33.6862842439441
1743374439783,18:40:39.783,-1,-1,1941.39194139194,0.191586191586192,33.6862842439441
1743374439802,18:40:39.802,-1,-1,1956.77655677656,0.191586191586192,33.6862842439441
1743374439822,18:40:39.822,-1,-1,1950.18315018315,0.191586191586192,33.6862842439441
1743374439841,18:40:39.841,-1,-1,1933.33333333333,0.192030192030192,33.6862842439441
1743374439861,18:40:39.861,-1,-1,1926.00732600733,0.191586191586192,33.6862842439441
1743374439880,18:40:39.880,-1,-1,1901.0989010989,0.191586191586192,33.6862842439441
1743374439900,18:40:39.900,-1,-1,1871.79487179487,0.191586191586192,33.6862842439441
1743374439919,18:40:39.919,-1,-1,1824.90842490842,0.191586191586192,33.6862842439441
1743374439939,18:40:39.939,-1,-1,1763.36996336996,0.191586191586192,33.6862842439441
1743374439958,18:40:39.958,-1,-1,1693.04029304029,0.191586191586192,33.6862842439441
1743374439978,18:40:39.978,-1,-1,1638.82783882784,0.191586191586192,33.6862842439441
1743374439997,18:40:39.997,-1,-1,1617.58241758242,0.191586191586192,33.7112993523479
1743374440017,18:40:40.017,-1,-1,1590.47619047619,0.191586191586192,33.7112993523479
1743374440036,18:40:40.036,-1,-1,1571.42857142857,0.191586191586192,33.7112993523479
1743374440056,18:40:40.056,-1,-1,1555.31135531136,0.191586191586192,33.7112993523479
1743374440075,18:40:40.075,-1,-1,1535.53113553114,0.191586191586192,33.7112993523479
1743374440095,18:40:40.095,-1,-1,1506.22710622711,0.191586191586192,33.7112993523479
1743374440114,18:40:40.114,-1,-1,1460.80586080586,0.191142191142191,33.7112993523479
1743374440134,18:40:40.134,-1,-1,1418.31501831502,0.191142191142191,33.7112993523479
1743374440153,18:40:40.153,-1,-1,1388.27838827839,0.191142191142191,33.7112993523479
1743374440173,18:40:40.173,-1,-1,1364.83516483516,0.191142191142191,33.7112993523479
1743374440192,18:40:40.192,-1,-1,1331.13553113553,0.191142191142191,33.7112993523479
1743374440212,18:40:40.212,-1,-1,1302.5641025641,0.191142191142191,33.7112993523479
1743374440231,18:40:40.231,-1,-1,1295.2380952381,0.191142191142191,33.7112993523479
1743374440251,18:40:40.251,-1,-1,1290.84249084249,0.191142191142191,33.7112993523479
1743374440270,18:40:40.270,-1,-1,1282.05128205128,0.191142191142191,33.7112993523479
1743374440290,18:40:40.290,-1,-1,1288.64468864469,0.191142191142191,33.7112993523479
1743374440309,18:40:40.309,-1,-1,1284.98168498168,0.191142191142191,33.7112993523479
1743374440329,18:40:40.329,-1,-1,1261.53846153846,0.191142191142191,33.7112993523479
1743374440348,18:40:40.348,-1,-1,1234.43223443223,0.191142191142191,33.7112993523479
1743374440368,18:40:40.368,-1,-1,1213.18681318681,0.191142191142191,33.7112993523479
1743374440387,18:40:40.387,-1,-1,1197.8021978022,0.191142191142191,33.7112993523479
1743374440407,18:40:40.407,-1,-1,1178.02197802198,0.191142191142191,33.7112993523479
1743374440426,18:40:40.426,-1,-1,1164.83516483516,0.191142191142191,33.7112993523479
1743374440446,18:40:40.446,-1,-1,1158.24175824176,0.190698190698191,33.7112993523479
1743374440465,18:40:40.465,-1,-1,1169.96336996337,0.190698190698191,33.7112993523479
1743374440485,18:40:40.485,-1,-1,1183.88278388278,0.190698190698191,33.7112993523479
1743374440504,18:40:40.504,-1,-1,1183.88278388278,0.190698190698191,33.7112993523479
1743374440524,18:40:40.524,-1,-1,1180.95238095238,0.19025419025419,33.7112993523479
1743374440543,18:40:40.543,-1,-1,1172.16117216117,0.19025419025419,33.7112993523479
1743374440563,18:40:40.563,-1,-1,1163.36996336996,0.19025419025419,33.7112993523479
1743374440582,18:40:40.582,-1,-1,1162.63736263736,0.19025419025419,33.7112993523479
1743374440602,18:40:40.602,-1,-1,1163.36996336996,0.19025419025419,33.7112993523479
1743374440621,18:40:40.621,-1,-1,1197.8021978022,0.19025419025419,33.7112993523479
1743374440641,18:40:40.641,-1,-1,1270.32967032967,0.19025419025419,33.7112993523479
1743374440660,18:40:40.660,-1,-1,1373.62637362637,0.19025419025419,33.7112993523479
1743374440680,18:40:40.680,-1,-1,1490.84249084249,0.18981018981019,33.7112993523479
1743374440699,18:40:40.699,-1,-1,1583.15018315018,0.18981018981019,33.7112993523479
1743374440719,18:40:40.719,-1,-1,1652.01465201465,0.19025419025419,33.7112993523479
1743374440738,18:40:40.738,-1,-1,1709.89010989011,0.189366189366189,33.7112993523479
1743374440758,18:40:40.758,-1,-1,1747.25274725275,0.188922188922189,33.7112993523479
1743374440777,18:40:40.777,-1,-1,1774.35897435897,0.188922188922189,33.7112993523479
1743374440797,18:40:40.797,-1,-1,1776.55677655678,0.188478188478188,33.7112993523479
1743374440816,18:40:40.816,-1,-1,1756.77655677656,0.188922188922189,33.7112993523479
1743374440836,18:40:40.836,-1,-1,1722.34432234432,0.189366189366189,33.7112993523479
1743374440855,18:40:40.855,-1,-1,1684.24908424908,0.189366189366189,33.7112993523479
1743374440875,18:40:40.875,-1,-1,1646.15384615385,0.18981018981019,33.7112993523479
1743374440894,18:40:40.894,-1,-1,1596.336996337,0.189366189366189,33.7112993523479
1743374440914,18:40:40.914,-1,-1,1546.52014652015,0.188922188922189,33.7112993523479
1743374440933,18:40:40.933,-1,-1,1488.64468864469,0.194250194250194,33.7112993523479
1743374440953,18:40:40.953,-1,-1,1456.41025641026,0.198246198246198,33.7112993523479
1743374440972,18:40:40.972,-1,-1,1443.22344322344,0.202686202686203,33.7112993523479
1743374440992,18:40:40.992,-1,-1,1424.17582417582,0.204906204906205,33.7263083475409
1743374441011,18:40:41.011,-1,-1,1417.58241758242,0.207126207126207,33.7263083475409
1743374441031,18:40:41.031,-1,-1,1405.86080586081,0.20979020979021,33.7263083475409
1743374441050,18:40:41.050,-1,-1,1384.61538461538,0.211566211566211,33.7263083475409
1743374441070,18:40:41.070,-1,-1,1363.36996336996,0.212454212454212,33.7263083475409
1743374441089,18:40:41.089,-1,-1,1328.93772893773,0.216006216006216,33.7263083475409
1743374441109,18:40:41.109,-1,-1,1301.0989010989,0.219114219114219,33.7263083475409
1743374441128,18:40:41.128,-1,-1,1292.30769230769,0.222666222666223,33.7263083475409
1743374441148,18:40:41.148,-1,-1,1271.06227106227,0.227106227106227,33.7263083475409
1743374441167,18:40:41.167,-1,-1,1233.69963369963,0.233322233322233,33.7263083475409
1743374441187,18:40:41.187,-1,-1,1208.79120879121,0.24042624042624,33.7263083475409
1743374441206,18:40:41.206,-1,-1,1211.72161172161,0.247974247974248,33.7263083475409
1743374441226,18:40:41.226,-1,-1,1207.32600732601,0.252858252858253,33.7263083475409
1743374441245,18:40:41.245,-1,-1,1200.7326007326,0.253746253746254,33.7263083475409
1743374441265,18:40:41.265,-1,-1,1179.48717948718,0.262626262626263,33.7263083475409
1743374441284,18:40:41.284,-1,-1,1159.70695970696,0.263070263070263,33.7263083475409
1743374441304,18:40:41.304,-1,-1,1158.24175824176,0.264846264846265,33.7263083475409
1743374441323,18:40:41.323,-1,-1,1157.50915750916,0.266622266622267,33.7263083475409
1743374441343,18:40:41.343,-1,-1,1158.24175824176,0.268398268398268,33.7263083475409
1743374441362,18:40:41.362,-1,-1,1142.85714285714,0.26973026973027,33.7263083475409
1743374441382,18:40:41.382,-1,-1,1150.91575091575,0.271506271506271,33.7263083475409
1743374441401,18:40:41.401,-1,-1,1166.30036630037,0.275058275058275,33.7263083475409
1743374441421,18:40:41.421,-1,-1,1173.62637362637,0.283494283494283,33.7263083475409
1743374441440,18:40:41.440,-1,-1,1175.82417582418,0.287934287934288,33.7263083475409
1743374441460,18:40:41.460,-1,-1,1163.36996336996,0.293706293706294,33.7263083475409
1743374441479,18:40:41.479,-1,-1,1145.05494505494,0.293262293262293,33.7263083475409
1743374441499,18:40:41.499,-1,-1,1127.47252747253,0.292374292374292,33.7263083475409
1743374441518,18:40:41.518,-1,-1,1113.55311355311,0.289266289266289,33.7263083475409
1743374441538,18:40:41.538,-1,-1,1115.75091575092,0.281274281274281,33.7263083475409
1743374441557,18:40:41.557,-1,-1,1129.67032967033,0.256410256410256,33.7263083475409
1743374441577,18:40:41.577,-1,-1,1162.63736263736,0.260850260850261,33.7263083475409
1743374441596,18:40:41.596,-1,-1,1233.69963369963,0.261294261294261,33.7263083475409
1743374441616,18:40:41.616,-1,-1,1326.73992673993,0.264846264846265,33.7263083475409
1743374441635,18:40:41.635,-1,-1,1413.91941391941,0.264402264402264,33.7263083475409
1743374441655,18:40:41.655,-1,-1,1471.79487179487,0.262626262626263,33.7263083475409
1743374441674,18:40:41.674,-1,-1,1504.7619047619,0.257298257298257,33.7263083475409
1743374441694,18:40:41.694,-1,-1,1523.07692307692,0.236430236430236,33.7263083475409
1743374441713,18:40:41.713,-1,-1,1530.40293040293,0.230658230658231,33.7263083475409
1743374441733,18:40:41.733,-1,-1,1529.67032967033,0.238650238650239,33.7263083475409
1743374441752,18:40:41.752,-1,-1,1530.40293040293,0.246642246642247,33.7263083475409
1743374441772,18:40:41.772,-1,-1,1520.14652014652,0.24975024975025,33.7263083475409
1743374441791,18:40:41.791,-1,-1,1503.2967032967,0.253302253302253,33.7263083475409
1743374441811,18:40:41.811,-1,-1,1474.72527472527,0.257298257298257,33.7263083475409
1743374441830,18:40:41.830,-1,-1,1427.83882783883,0.261294261294261,33.7263083475409
1743374441850,18:40:41.850,-1,-1,1373.62637362637,0.260850260850261,33.7263083475409
1743374441869,18:40:41.869,-1,-1,1338.46153846154,0.267066267066267,33.7263083475409
1743374441889,18:40:41.889,-1,-1,1320.14652014652,0.275058275058275,33.7263083475409
1743374441909,18:40:41.908,-1,-1,1299.6336996337,0.28038628038628,33.7263083475409
1743374441928,18:40:41.928,-1,-1,1292.30769230769,0.287934287934288,33.7263083475409
1743374441948,18:40:41.947,-1,-1,1292.30769230769,0.291042291042291,33.7263083475409
1743374441967,18:40:41.967,-1,-1,1308.42490842491,0.293706293706294,33.7263083475409
1743374441987,18:40:41.986,-1,-1,1321.61172161172,0.296370296370296,33.7413172903471
1743374442006,18:40:42.006,-1,-1,1318.68131868132,0.303474303474303,33.7413172903471
1743374442026,18:40:42.025,-1,-1,1289.37728937729,0.306138306138306,33.7413172903471
1743374442045,18:40:42.045,-1,-1,1246.88644688645,0.309246309246309,33.7413172903471
1743374442065,18:40:42.065,-1,-1,1216.11721611722,0.310578310578311,33.7413172903471
1743374442084,18:40:42.084,-1,-1,1223.44322344322,0.311022311022311,33.7413172903471
1743374442104,18:40:42.104,-1,-1,1231.50183150183,0.311910311910312,33.7413172903471
1743374442123,18:40:42.123,-1,-1,1234.43223443223,0.314130314130314,33.7413172903471
1743374442143,18:40:42.143,-1,-1,1223.44322344322,0.312354312354312,33.7413172903471
1743374442162,18:40:42.162,-1,-1,1222.71062271062,0.311910311910312,33.7413172903471
1743374442182,18:40:42.182,-1,-1,1221.97802197802,0.314130314130314,33.7413172903471
1743374442201,18:40:42.201,-1,-1,1211.72161172161,0.316794316794317,33.7413172903471
1743374442221,18:40:42.221,-1,-1,1208.79120879121,0.319458319458319,33.7413172903471
1743374442240,18:40:42.240,-1,-1,1190.47619047619,0.321234321234321,33.7413172903471
1743374442260,18:40:42.260,-1,-1,1180.21978021978,0.322122322122322,33.7413172903471
1743374442279,18:40:42.279,-1,-1,1185.34798534799,0.318570318570319,33.7413172903471
1743374442299,18:40:42.299,-1,-1,1183.88278388278,0.315906315906316,33.7413172903471
1743374442318,18:40:42.318,-1,-1,1181.68498168498,0.312798312798313,33.7413172903471
1743374442338,18:40:42.338,-1,-1,1189.01098901099,0.308802308802309,33.7413172903471
1743374442357,18:40:42.357,-1,-1,1197.0695970696,0.298146298146298,33.7413172903471
1743374442377,18:40:42.377,-1,-1,1208.05860805861,0.29015429015429,33.7413172903471
1743374442396,18:40:42.396,-1,-1,1221.24542124542,0.285714285714286,33.7413172903471
1743374442416,18:40:42.416,-1,-1,1254.94505494505,0.284826284826285,33.7413172903471
1743374442435,18:40:42.435,-1,-1,1305.49450549451,0.286158286158286,33.7413172903471
1743374442455,18:40:42.455,-1,-1,1383.15018315018,0.287934287934288,33.7413172903471
1743374442474,18:40:42.474,-1,-1,1446.15384615385,0.289266289266289,33.7413172903471
1743374442494,18:40:42.494,-1,-1,1503.2967032967,0.29015429015429,33.7413172903471
1743374442513,18:40:42.513,-1,-1,1532.60073260073,0.291486291486291,33.7413172903471
1743374442533,18:40:42.533,-1,-1,1547.25274725275,0.291042291042291,33.7413172903471
1743374442552,18:40:42.552,-1,-1,1538.46153846154,0.29015429015429,33.7413172903471
1743374442572,18:40:42.572,-1,-1,1525.27472527473,0.291042291042291,33.7413172903471
1743374442591,18:40:42.591,-1,-1,1504.7619047619,0.288822288822289,33.7413172903471
1743374442611,18:40:42.611,-1,-1,1490.84249084249,0.29015429015429,33.7413172903471
1743374442630,18:40:42.630,-1,-1,1475.45787545788,0.290598290598291,33.7413172903471
1743374442650,18:40:42.650,-1,-1,1454.21245421245,0.289266289266289,33.7413172903471
1743374442669,18:40:42.669,-1,-1,1424.90842490842,0.283050283050283,33.7413172903471
1743374442689,18:40:42.689,-1,-1,1402.9304029304,0.275502275502275,33.7413172903471
1743374442708,18:40:42.708,-1,-1,1383.88278388278,0.276834276834277,33.7413172903471
1743374442728,18:40:42.728,-1,-1,1368.49816849817,0.278166278166278,33.7413172903471
1743374442747,18:40:42.747,-1,-1,1358.97435897436,0.278166278166278,33.7413172903471
1743374442767,18:40:42.767,-1,-1,1357.50915750916,0.276390276390276,33.7413172903471
1743374442786,18:40:42.786,-1,-1,1367.76556776557,0.274170274170274,33.7413172903471
1743374442806,18:40:42.806,-1,-1,1386.08058608059,0.265290265290265,33.7413172903471
1743374442825,18:40:42.825,-1,-1,1386.81318681319,0.24975024975025,33.7413172903471
1743374442845,18:40:42.845,-1,-1,1382.41758241758,0.251970251970252,33.7413172903471
1743374442864,18:40:42.864,-1,-1,1367.03296703297,0.253746253746254,33.7413172903471
1743374442884,18:40:42.884,-1,-1,1334.06593406593,0.250638250638251,33.7413172903471
1743374442903,18:40:42.903,-1,-1,1305.49450549451,0.25019425019425,33.7413172903471
1743374442923,18:40:42.923,-1,-1,1278.38827838828,0.249306249306249,33.7413172903471
1743374442942,18:40:42.942,-1,-1,1259.34065934066,0.250638250638251,33.7413172903471
1743374442962,18:40:42.962,-1,-1,1242.49084249084,0.25019425019425,33.7413172903471
1743374442981,18:40:42.981,-1,-1,1238.82783882784,0.249306249306249,33.7663320786087
1743374443001,18:40:43.001,-1,-1,1234.43223443223,0.24975024975025,33.7663320786087
1743374443020,18:40:43.020,-1,-1,1232.96703296703,0.249306249306249,33.7663320786087
1743374443040,18:40:43.040,-1,-1,1229.30402930403,0.248418248418248,33.7663320786087
1743374443059,18:40:43.059,-1,-1,1225.64102564103,0.247530247530248,33.7663320786087
1743374443079,18:40:43.079,-1,-1,1221.24542124542,0.246642246642247,33.7663320786087
1743374443098,18:40:43.098,-1,-1,1217.58241758242,0.246198246198246,33.7663320786087
1743374443118,18:40:43.118,-1,-1,1224.17582417582,0.246642246642247,33.7663320786087
1743374443137,18:40:43.137,-1,-1,1220.51282051282,0.247974247974248,33.7663320786087
1743374443157,18:40:43.157,-1,-1,1214.65201465201,0.249306249306249,33.7663320786087
1743374443176,18:40:43.176,-1,-1,1222.71062271062,0.25019425019425,33.7663320786087
1743374443196,18:40:43.196,-1,-1,1248.35164835165,0.251082251082251,33.7663320786087
1743374443215,18:40:43.215,-1,-1,1283.51648351648,0.251526251526252,33.7663320786087
1743374443235,18:40:43.235,-1,-1,1329.67032967033,0.253746253746254,33.7663320786087
1743374443254,18:40:43.254,-1,-1,1399.2673992674,0.254634254634255,33.7663320786087
1743374443274,18:40:43.274,-1,-1,1464.46886446886,0.255078255078255,33.7663320786087
1743374443293,18:40:43.293,-1,-1,1508.42490842491,0.255522255522255,33.7663320786087
1743374443313,18:40:43.313,-1,-1,1537.72893772894,0.256410256410256,33.7663320786087
1743374443332,18:40:43.332,-1,-1,1560.43956043956,0.255966255966256,33.7663320786087
1743374443352,18:40:43.352,-1,-1,1564.10256410256,0.256410256410256,33.7663320786087
1743374443371,18:40:43.371,-1,-1,1573.62637362637,0.257298257298257,33.7663320786087
1743374443391,18:40:43.391,-1,-1,1589.74358974359,0.257742257742258,33.7663320786087
1743374443410,18:40:43.410,-1,-1,1582.41758241758,0.25996225996226,33.7663320786087
1743374443430,18:40:43.430,-1,-1,1552.38095238095,0.26040626040626,33.7663320786087
1743374443449,18:40:43.449,-1,-1,1513.55311355311,0.260850260850261,33.7663320786087
1743374443469,18:40:43.469,-1,-1,1476.92307692308,0.262182262182262,33.7663320786087
1743374443488,18:40:43.488,-1,-1,1463.73626373626,0.263070263070263,33.7663320786087
1743374443508,18:40:43.508,-1,-1,1446.88644688645,0.263958263958264,33.7663320786087
1743374443527,18:40:43.527,-1,-1,1405.12820512821,0.265290265290265,33.7663320786087
1743374443547,18:40:43.547,-1,-1,1369.96336996337,0.265734265734266,33.7663320786087
1743374443566,18:40:43.566,-1,-1,1352.38095238095,0.265734265734266,33.7663320786087
1743374443586,18:40:43.586,-1,-1,1345.78754578755,0.265290265290265,33.7663320786087
1743374443605,18:40:43.605,-1,-1,1352.38095238095,0.265734265734266,33.7663320786087
1743374443625,18:40:43.625,-1,-1,1358.24175824176,0.266178266178266,33.7663320786087
1743374443644,18:40:43.644,-1,-1,1340.65934065934,0.266622266622267,33.7663320786087
1743374443664,18:40:43.664,-1,-1,1310.62271062271,0.266622266622267,33.7663320786087
1743374443683,18:40:43.683,-1,-1,1279.85347985348,0.266622266622267,33.7663320786087
1743374443703,18:40:43.703,-1,-1,1260.80586080586,0.267066267066267,33.7663320786087
1743374443722,18:40:43.722,-1,-1,1245.42124542125,0.267066267066267,33.7663320786087
1743374443742,18:40:43.742,-1,-1,1242.49084249084,0.266178266178266,33.7663320786087
1743374443761,18:40:43.761,-1,-1,1241.75824175824,0.265290265290265,33.7663320786087
1743374443781,18:40:43.781,-1,-1,1232.96703296703,0.263514263514264,33.7663320786087
1743374443800,18:40:43.800,-1,-1,1226.37362637363,0.263514263514264,33.7663320786087
1743374443820,18:40:43.820,-1,-1,1218.31501831502,0.263958263958264,33.7663320786087
1743374443839,18:40:43.839,-1,-1,1215.38461538462,0.263958263958264,33.7663320786087
1743374443859,18:40:43.859,-1,-1,1217.58241758242,0.263070263070263,33.7663320786087
1743374443878,18:40:43.878,-1,-1,1216.84981684982,0.26040626040626,33.7663320786087
1743374443898,18:40:43.898,-1,-1,1210.98901098901,0.257298257298257,33.7663320786087
1743374443917,18:40:43.917,-1,-1,1204.3956043956,0.250638250638251,33.7663320786087
1743374443937,18:40:43.937,-1,-1,1198.5347985348,0.245310245310245,33.7663320786087
1743374443956,18:40:43.956,-1,-1,1197.0695970696,0.236430236430236,33.7663320786087
1743374443976,18:40:43.976,-1,-1,1184.61538461538,0.237762237762238,33.7813408817165
1743374443995,18:40:43.995,-1,-1,1187.54578754579,0.23998223998224,33.7813408817165
1743374444015,18:40:44.015,-1,-1,1205.86080586081,0.242202242202242,33.7813408817165
1743374444034,18:40:44.034,-1,-1,1241.02564102564,0.243090243090243,33.7813408817165
1743374444054,18:40:44.054,-1,-1,1290.84249084249,0.238206238206238,33.7813408817165
1743374444073,18:40:44.073,-1,-1,1356.04395604396,0.231102231102231,33.7813408817165
1743374444093,18:40:44.093,-1,-1,1421.97802197802,0.229326229326229,33.7813408817165
1743374444112,18:40:44.112,-1,-1,1465.20146520146,0.228882228882229,33.7813408817165
1743374444132,18:40:44.132,-1,-1,1490.10989010989,0.228882228882229,33.7813408817165
1743374444151,18:40:44.151,-1,-1,1508.42490842491,0.228882228882229,33.7813408817165
1743374444171,18:40:44.171,-1,-1,1516.48351648352,0.228438228438228,33.7813408817165
1743374444190,18:40:44.190,-1,-1,1532.60073260073,0.227550227550227,33.7813408817165
1743374444210,18:40:44.210,-1,-1,1542.85714285714,0.227106227106227,33.7813408817165
1743374444229,18:40:44.229,-1,-1,1546.52014652015,0.227106227106227,33.7813408817165
1743374444249,18:40:44.249,-1,-1,1542.12454212454,0.226218226218226,33.7813408817165
1743374444268,18:40:44.268,-1,-1,1528.93772893773,0.225774225774226,33.7813408817165
1743374444288,18:40:44.288,-1,-1,1496.7032967033,0.225330225330225,33.7813408817165
1743374444307,18:40:44.307,-1,-1,1457.14285714286,0.225330225330225,33.7813408817165
1743374444327,18:40:44.327,-1,-1,1409.52380952381,0.226662226662227,33.7813408817165
1743374444346,18:40:44.346,-1,-1,1378.75457875458,0.226662226662227,33.7813408817165
1743374444366,18:40:44.366,-1,-1,1370.69597069597,0.226662226662227,33.7813408817165
1743374444385,18:40:44.385,-1,-1,1371.42857142857,0.228438228438228,33.7813408817165
1743374444405,18:40:44.405,-1,-1,1366.30036630037,0.229326229326229,33.7813408817165
1743374444424,18:40:44.424,-1,-1,1350.18315018315,0.229326229326229,33.7813408817165
1743374444444,18:40:44.444,-1,-1,1347.98534798535,0.23021423021423,33.7813408817165
1743374444463,18:40:44.463,-1,-1,1339.19413919414,0.231102231102231,33.7813408817165
1743374444483,18:40:44.483,-1,-1,1334.79853479853,0.232434232434232,33.7813408817165
1743374444502,18:40:44.502,-1,-1,1328.93772893773,0.237762237762238,33.7813408817165
1743374444522,18:40:44.522,-1,-1,1298.1684981685,0.239094239094239,33.7813408817165
1743374444541,18:40:44.541,-1,-1,1274.72527472527,0.236430236430236,33.7813408817165
1743374444561,18:40:44.561,-1,-1,1261.53846153846,0.235542235542236,33.7813408817165
1743374444580,18:40:44.580,-1,-1,1252.74725274725,0.235542235542236,33.7813408817165
1743374444600,18:40:44.600,-1,-1,1243.95604395604,0.235542235542236,33.7813408817165
1743374444619,18:40:44.619,-1,-1,1235.89743589744,0.235986235986236,33.7813408817165
1743374444639,18:40:44.639,-1,-1,1232.96703296703,0.236874236874237,33.7813408817165
1743374444658,18:40:44.658,-1,-1,1230.03663003663,0.241314241314241,33.7813408817165
1743374444678,18:40:44.678,-1,-1,1217.58241758242,0.243090243090243,33.7813408817165
1743374444697,18:40:44.697,-1,-1,1211.72161172161,0.245754245754246,33.7813408817165
1743374444717,18:40:44.717,65,-1,1205.12820512821,0.253302253302253,33.7813408817165
1743374444736,18:40:44.736,65,-1,1196.336996337,0.258186258186258,33.7813408817165
1743374444756,18:40:44.756,65,-1,1200,0.261294261294261,33.7813408817165
1743374444775,18:40:44.775,65,-1,1201.4652014652,0.262626262626263,33.7813408817165
1743374444795,18:40:44.795,65,-1,1200,0.263514263514264,33.7813408817165
1743374444814,18:40:44.814,65,-1,1197.0695970696,0.264402264402264,33.7813408817165
1743374444834,18:40:44.834,65,-1,1196.336996337,0.265734265734266,33.7813408817165
1743374444853,18:40:44.853,65,-1,1200,0.266178266178266,33.7813408817165
1743374444873,18:40:44.873,65,-1,1211.72161172161,0.267066267066267,33.7813408817165
1743374444892,18:40:44.892,65,-1,1223.44322344322,0.267510267510268,33.7813408817165
1743374444912,18:40:44.912,65,-1,1254.94505494505,0.268398268398268,33.7813408817165
1743374444931,18:40:44.931,65,-1,1298.9010989011,0.268842268842269,33.7813408817165
1743374444951,18:40:44.951,65,-1,1342.85714285714,0.269286269286269,33.7813408817165
1743374444970,18:40:44.970,65,-1,1405.86080586081,0.26973026973027,33.7963496324373
1743374444990,18:40:44.990,65,-1,1464.46886446886,0.270618270618271,33.7963496324373
1743374445009,18:40:45.009,65,-1,1503.2967032967,0.271950271950272,33.7963496324373
1743374445029,18:40:45.029,65,-1,1521.61172161172,0.274170274170274,33.7963496324373
1743374445048,18:40:45.048,65,-1,1528.20512820513,0.275502275502275,33.7963496324373
1743374445068,18:40:45.068,65,-1,1531.13553113553,0.276390276390276,33.7963496324373
1743374445087,18:40:45.087,65,-1,1518.68131868132,0.277278277278277,33.7963496324373
1743374445107,18:40:45.107,65,-1,1500.3663003663,0.278166278166278,33.7963496324373
1743374445126,18:40:45.126,65,-1,1471.79487179487,0.279054279054279,33.7963496324373
1743374445146,18:40:45.146,65,-1,1438.82783882784,0.279498279498279,33.7963496324373
1743374445165,18:40:45.165,65,-1,1415.38461538462,0.27994227994228,33.7963496324373
1743374445185,18:40:45.185,65,-1,1386.81318681319,0.279498279498279,33.7963496324373
1743374445204,18:40:45.204,65,-1,1369.96336996337,0.27994227994228,33.7963496324373
1743374445224,18:40:45.224,65,-1,1375.09157509157,0.27994227994228,33.7963496324373
1743374445243,18:40:45.243,65,-1,1381.68498168498,0.28038628038628,33.7963496324373
1743374445263,18:40:45.263,65,-1,1386.08058608059,0.28038628038628,33.7963496324373
1743374445282,18:40:45.282,65,-1,1387.54578754579,0.28038628038628,33.7963496324373
1743374445302,18:40:45.302,65,-1,1369.96336996337,0.28038628038628,33.7963496324373
1743374445321,18:40:45.321,65,-1,1353.84615384615,0.28038628038628,33.7963496324373
1743374445341,18:40:45.341,65,-1,1339.19413919414,0.28038628038628,33.7963496324373
1743374445360,18:40:45.360,65,-1,1320.14652014652,0.28038628038628,33.7963496324373
1743374445380,18:40:45.380,65,-1,1291.57509157509,0.28038628038628,33.7963496324373
1743374445399,18:40:45.399,65,-1,1267.39926739927,0.28038628038628,33.7963496324373
1743374445419,18:40:45.419,65,-1,1247.61904761905,0.28038628038628,33.7963496324373
1743374445438,18:40:45.438,65,-1,1232.23443223443,0.28038628038628,33.7963496324373
1743374445458,18:40:45.458,65,-1,1231.50183150183,0.27994227994228,33.7963496324373
1743374445477,18:40:45.477,65,-1,1223.44322344322,0.27994227994228,33.7963496324373
1743374445497,18:40:45.497,65,-1,1229.30402930403,0.279498279498279,33.7963496324373
1743374445516,18:40:45.516,65,-1,1238.09523809524,0.279498279498279,33.7963496324373
1743374445536,18:40:45.536,65,-1,1241.02564102564,0.279498279498279,33.7963496324373
1743374445555,18:40:45.555,65,-1,1230.76923076923,0.279498279498279,33.7963496324373
1743374445575,18:40:45.575,65,-1,1221.97802197802,0.279054279054279,33.7963496324373
1743374445594,18:40:45.594,65,-1,1216.11721611722,0.279054279054279,33.7963496324373
1743374445614,18:40:45.614,65,-1,1218.31501831502,0.279054279054279,33.7963496324373
1743374445633,18:40:45.633,65,-1,1220.51282051282,0.279054279054279,33.7963496324373
1743374445653,18:40:45.653,62,-1,1218.31501831502,0.279054279054279,33.7963496324373
1743374445672,18:40:45.672,62,-1,1213.91941391941,0.27994227994228,33.7963496324373
1743374445692,18:40:45.692,62,-1,1209.52380952381,0.28038628038628,33.7963496324373
1743374445711,18:40:45.711,62,-1,1213.18681318681,0.28038628038628,33.7963496324373
1743374445731,18:40:45.731,62,-1,1215.38461538462,0.28038628038628,33.7963496324373
1743374445750,18:40:45.750,62,-1,1210.25641025641,0.280830280830281,33.7963496324373
1743374445770,18:40:45.770,62,-1,1200,0.281718281718282,33.7963496324373
1743374445789,18:40:45.789,62,-1,1185.34798534799,0.281718281718282,33.7963496324373
1743374445809,18:40:45.809,62,-1,1192.67399267399,0.281718281718282,33.7963496324373
1743374445828,18:40:45.828,62,-1,1223.44322344322,0.281274281274281,33.7963496324373
1743374445848,18:40:45.848,62,-1,1273.26007326007,0.281274281274281,33.7963496324373
1743374445867,18:40:45.867,62,-1,1335.53113553114,0.281718281718282,33.7963496324373
1743374445887,18:40:45.887,62,-1,1392.67399267399,0.281718281718282,33.7963496324373
1743374445906,18:40:45.906,62,-1,1435.16483516484,0.281718281718282,33.7963496324373
1743374445926,18:40:45.926,62,-1,1455.67765567766,0.282162282162282,33.7963496324373
1743374445945,18:40:45.945,62,-1,1477.65567765568,0.282162282162282,33.7963496324373
1743374445965,18:40:45.965,62,-1,1496.7032967033,0.282606282606283,33.8113583307713
1743374445984,18:40:45.984,62,-1,1507.69230769231,0.281718281718282,33.8113583307713
1743374446004,18:40:46.004,62,-1,1520.87912087912,0.281718281718282,33.8113583307713
1743374446023,18:40:46.023,62,-1,1523.80952380952,0.281718281718282,33.8113583307713
1743374446043,18:40:46.043,62,-1,1525.27472527473,0.281274281274281,33.8113583307713
1743374446062,18:40:46.062,62,-1,1518.68131868132,0.28038628038628,33.8113583307713
1743374446082,18:40:46.082,62,-1,1505.49450549451,0.27994227994228,33.8113583307713
1743374446101,18:40:46.101,62,-1,1483.51648351648,0.27994227994228,33.8113583307713
1743374446121,18:40:46.121,62,-1,1463.73626373626,0.279498279498279,33.8113583307713
1743374446140,18:40:46.140,62,-1,1440.29304029304,0.27994227994228,33.8113583307713
1743374446160,18:40:46.160,62,-1,1422.71062271062,0.279498279498279,33.8113583307713
1743374446179,18:40:46.179,62,-1,1410.25641025641,0.279498279498279,33.8113583307713
1743374446199,18:40:46.199,62,-1,1404.3956043956,0.279498279498279,33.8113583307713
1743374446218,18:40:46.218,62,-1,1394.13919413919,0.279054279054279,33.8113583307713
1743374446238,18:40:46.238,62,-1,1384.61538461538,0.279054279054279,33.8113583307713
1743374446257,18:40:46.257,62,-1,1375.82417582418,0.279054279054279,33.8113583307713
1743374446277,18:40:46.277,62,-1,1369.96336996337,0.279054279054279,33.8113583307713
1743374446296,18:40:46.296,62,-1,1369.23076923077,0.281274281274281,33.8113583307713
1743374446316,18:40:46.316,62,-1,1358.24175824176,0.285270285270285,33.8113583307713
1743374446335,18:40:46.335,62,-1,1340.65934065934,0.294150294150294,33.8113583307713
1743374446355,18:40:46.355,62,-1,1320.14652014652,0.302142302142302,33.8113583307713
1743374446374,18:40:46.374,62,-1,1301.0989010989,0.307914307914308,33.8113583307713
1743374446394,18:40:46.394,62,-1,1287.17948717949,0.311466311466311,33.8113583307713
1743374446413,18:40:46.413,62,-1,1281.31868131868,0.311022311022311,33.8113583307713
1743374446433,18:40:46.433,62,-1,1268.13186813187,0.311910311910312,33.8113583307713
1743374446452,18:40:46.452,62,-1,1257.87545787546,0.309246309246309,33.8113583307713
1743374446472,18:40:46.472,64,-1,1251.28205128205,0.307470307470307,33.8113583307713
1743374446491,18:40:46.491,64,-1,1255.67765567766,0.305694305694306,33.8113583307713
1743374446511,18:40:46.511,64,-1,1253.47985347985,0.311910311910312,33.8113583307713
1743374446530,18:40:46.530,64,-1,1256.41025641026,0.311022311022311,33.8113583307713
1743374446550,18:40:46.550,64,-1,1246.88644688645,0.311022311022311,33.8113583307713
1743374446569,18:40:46.569,64,-1,1248.35164835165,0.294594294594295,33.8113583307713
1743374446589,18:40:46.589,64,-1,1250.54945054945,0.295926295926296,33.8113583307713
1743374446608,18:40:46.608,64,-1,1247.61904761905,0.307470307470307,33.8113583307713
1743374446628,18:40:46.628,64,-1,1239.56043956044,0.317682317682318,33.8113583307713
1743374446647,18:40:46.647,64,-1,1238.09523809524,0.318570318570319,33.8113583307713
1743374446667,18:40:46.667,64,-1,1230.76923076923,0.316350316350316,33.8113583307713
1743374446686,18:40:46.686,64,-1,1215.38461538462,0.302142302142302,33.8113583307713
1743374446706,18:40:46.706,64,-1,1215.38461538462,0.314574314574315,33.8113583307713
1743374446725,18:40:46.725,64,-1,1218.31501831502,0.328782328782329,33.8113583307713
1743374446745,18:40:46.745,64,-1,1216.11721611722,0.33011433011433,33.8113583307713
1743374446764,18:40:46.764,64,-1,1214.65201465201,0.327894327894328,33.8113583307713
1743374446784,18:40:46.784,64,-1,1224.90842490842,0.327450327450327,33.8113583307713
1743374446803,18:40:46.803,64,-1,1236.63003663004,0.313242313242313,33.8113583307713
1743374446823,18:40:46.823,64,-1,1273.99267399267,0.295038295038295,33.8113583307713
1743374446842,18:40:46.842,64,-1,1325.27472527473,0.281718281718282,33.8113583307713
1743374446862,18:40:46.862,64,-1,1387.54578754579,0.267066267066267,33.8113583307713
1743374446881,18:40:46.881,64,-1,1448.35164835165,0.270618270618271,33.8113583307713
1743374446901,18:40:46.901,64,-1,1494.50549450549,0.263958263958264,33.8113583307713
1743374446920,18:40:46.920,64,-1,1514.28571428571,0.249306249306249,33.8113583307713
1743374446940,18:40:46.940,64,-1,1520.87912087912,0.21023421023421,33.8113583307713
1743374446959,18:40:46.959,64,-1,1536.99633699634,0.162726162726163,33.8363727115793
1743374446979,18:40:46.979,64,-1,1545.05494505494,0.152070152070152,33.8363727115793
1743374446998,18:40:46.998,64,-1,1553.11355311355,0.142302142302142,33.8363727115793
1743374447018,18:40:47.018,64,-1,1563.36996336996,0.143634143634144,33.8363727115793
1743374447037,18:40:47.037,64,-1,1557.50915750916,0.142302142302142,33.8363727115793
1743374447057,18:40:47.057,64,-1,1535.53113553114,0.138750138750139,33.8363727115793
1743374447076,18:40:47.076,64,-1,1520.14652014652,0.138306138306138,33.8363727115793
1743374447096,18:40:47.096,64,-1,1495.2380952381,0.136530136530137,33.8363727115793
1743374447115,18:40:47.115,64,-1,1461.53846153846,0.135642135642136,33.8363727115793
1743374447135,18:40:47.135,64,-1,1442.49084249084,0.133422133422133,33.8363727115793
1743374447154,18:40:47.154,64,-1,1414.65201465201,0.122766122766123,33.8363727115793
1743374447174,18:40:47.174,64,-1,1405.12820512821,0.116994116994117,33.8363727115793
1743374447193,18:40:47.193,64,-1,1419.78021978022,0.116994116994117,33.8363727115793
1743374447213,18:40:47.213,64,-1,1428.57142857143,0.118770118770119,33.8363727115793
1743374447232,18:40:47.232,64,-1,1432.96703296703,0.11965811965812,33.8363727115793
1743374447252,18:40:47.252,64,-1,1431.50183150183,0.119214119214119,33.8363727115793
1743374447271,18:40:47.271,64,-1,1422.71062271062,0.118326118326118,33.8363727115793
1743374447291,18:40:47.291,73,-1,1400.7326007326,0.118770118770119,33.8363727115793
1743374447310,18:40:47.310,73,-1,1369.23076923077,0.118770118770119,33.8363727115793
1743374447330,18:40:47.330,73,-1,1342.12454212454,0.118770118770119,33.8363727115793
1743374447349,18:40:47.349,73,-1,1320.87912087912,0.119214119214119,33.8363727115793
1743374447369,18:40:47.369,73,-1,1297.4358974359,0.119214119214119,33.8363727115793
1743374447388,18:40:47.388,73,-1,1296.7032967033,0.122766122766123,33.8363727115793
1743374447408,18:40:47.408,73,-1,1295.2380952381,0.130758130758131,33.8363727115793
1743374447427,18:40:47.427,73,-1,1284.98168498168,0.144078144078144,33.8363727115793
1743374447447,18:40:47.447,73,-1,1279.12087912088,0.145854145854146,33.8363727115793
1743374447466,18:40:47.466,73,-1,1271.06227106227,0.144966144966145,33.8363727115793
1743374447486,18:40:47.486,73,-1,1268.86446886447,0.144966144966145,33.8363727115793
1743374447505,18:40:47.505,73,-1,1272.52747252747,0.144966144966145,33.8363727115793
1743374447525,18:40:47.525,73,-1,1295.9706959707,0.144966144966145,33.8363727115793
1743374447544,18:40:47.544,73,-1,1330.40293040293,0.146298146298146,33.8363727115793
1743374447564,18:40:47.564,73,-1,1330.40293040293,0.147186147186147,33.8363727115793
1743374447583,18:40:47.583,73,-1,1310.62271062271,0.148074148074148,33.8363727115793
1743374447603,18:40:47.603,73,-1,1295.9706959707,0.149406149406149,33.8363727115793
1743374447622,18:40:47.622,73,-1,1285.71428571429,0.14985014985015,33.8363727115793
1743374447642,18:40:47.642,73,-1,1275.45787545788,0.154734154734155,33.8363727115793
1743374447661,18:40:47.661,73,-1,1270.32967032967,0.156954156954157,33.8363727115793
1743374447681,18:40:47.681,73,-1,1271.06227106227,0.157842157842158,33.8363727115793
1743374447700,18:40:47.700,73,-1,1308.42490842491,0.158286158286158,33.8363727115793
1743374447720,18:40:47.720,73,-1,1351.64835164835,0.159174159174159,33.8363727115793
1743374447739,18:40:47.739,73,-1,1406.59340659341,0.15961815961816,33.8363727115793
1743374447759,18:40:47.759,73,-1,1478.38827838828,0.16050616050616,33.8363727115793
1743374447778,18:40:47.778,73,-1,1537.72893772894,0.16050616050616,33.8363727115793
1743374447798,18:40:47.798,73,-1,1580.95238095238,0.160950160950161,33.8363727115793
1743374447817,18:40:47.817,73,-1,1611.72161172161,0.160950160950161,33.8363727115793
1743374447837,18:40:47.837,73,-1,1632.96703296703,0.161394161394161,33.8363727115793
1743374447856,18:40:47.856,73,-1,1633.69963369963,0.161838161838162,33.8363727115793
1743374447876,18:40:47.876,73,-1,1627.83882783883,0.161838161838162,33.8363727115793
1743374447895,18:40:47.895,73,-1,1615.38461538462,0.162282162282162,33.8363727115793
1743374447915,18:40:47.915,73,-1,1595.6043956044,0.161838161838162,33.8363727115793
1743374447934,18:40:47.934,73,-1,1561.17216117216,0.161838161838162,33.8363727115793
1743374447954,18:40:47.954,73,-1,1527.47252747253,0.163614163614164,33.8513812702149
1743374447973,18:40:47.973,73,-1,1493.77289377289,0.165390165390165,33.8513812702149
1743374447993,18:40:47.993,73,-1,1472.52747252747,0.166278166278166,33.8513812702149
1743374448012,18:40:48.012,73,-1,1472.52747252747,0.120546120546121,33.8513812702149
1743374448032,18:40:48.032,73,-1,1469.59706959707,0.132090132090132,33.8513812702149
1743374448051,18:40:48.051,73,-1,1466.66666666667,0.163170163170163,33.8513812702149
1743374448071,18:40:48.071,73,-1,1466.66666666667,0.184482184482184,33.8513812702149
1743374448090,18:40:48.090,73,-1,1462.27106227106,0.192030192030192,33.8513812702149
1743374448110,18:40:48.110,73,-1,1460.80586080586,0.20979020979021,33.8513812702149
1743374448129,18:40:48.129,73,-1,1447.61904761905,0.231990231990232,33.8513812702149
1743374448149,18:40:48.149,73,-1,1430.03663003663,0.234210234210234,33.8513812702149
1743374448168,18:40:48.168,73,-1,1409.52380952381,0.247530247530248,33.8513812702149
1743374448188,18:40:48.188,73,-1,1394.87179487179,0.264402264402264,33.8513812702149
1743374448207,18:40:48.207,73,-1,1386.81318681319,0.25996225996226,33.8513812702149
1743374448227,18:40:48.227,73,-1,1365.56776556777,0.261294261294261,33.8513812702149
1743374448246,18:40:48.246,73,-1,1343.58974358974,0.258630258630259,33.8513812702149
1743374448266,18:40:48.266,73,-1,1331.13553113553,0.259074259074259,33.8513812702149
1743374448285,18:40:48.285,73,-1,1321.61172161172,0.25996225996226,33.8513812702149
1743374448305,18:40:48.305,73,-1,1315.75091575092,0.261738261738262,33.8513812702149
1743374448324,18:40:48.324,73,-1,1309.15750915751,0.263958263958264,33.8513812702149
1743374448344,18:40:48.344,73,-1,1311.35531135531,0.267066267066267,33.8513812702149
1743374448363,18:40:48.363,73,-1,1313.55311355311,0.268842268842269,33.8513812702149
1743374448383,18:40:48.383,73,-1,1311.35531135531,0.26973026973027,33.8513812702149
1743374448402,18:40:48.402,73,-1,1304.7619047619,0.264402264402264,33.8513812702149
1743374448422,18:40:48.422,73,-1,1295.9706959707,0.236874236874237,33.8513812702149
1743374448441,18:40:48.441,73,-1,1292.30769230769,0.183150183150183,33.8513812702149
1743374448461,18:40:48.461,73,-1,1276.19047619048,0.152958152958153,33.8513812702149
1743374448480,18:40:48.480,73,-1,1275.45787545788,0.147630147630148,33.8513812702149
1743374448500,18:40:48.500,73,-1,1300.3663003663,0.145410145410145,33.8513812702149
1743374448519,18:40:48.519,73,-1,1350.18315018315,0.130758130758131,33.8513812702149
1743374448539,18:40:48.539,73,-1,1429.30402930403,0.137862137862138,33.8513812702149
1743374448558,18:40:48.558,73,-1,1513.55311355311,0.141414141414141,33.8513812702149
1743374448578,18:40:48.578,73,-1,1575.09157509157,0.142302142302142,33.8513812702149
1743374448597,18:40:48.597,73,-1,1616.11721611722,0.139194139194139,33.8513812702149
1743374448617,18:40:48.617,73,-1,1646.88644688645,0.138306138306138,33.8513812702149
1743374448636,18:40:48.636,73,-1,1677.65567765568,0.136974136974137,33.8513812702149
1743374448656,18:40:48.656,73,-1,1695.9706959707,0.138750138750139,33.8513812702149
1743374448675,18:40:48.675,73,-1,1693.77289377289,0.13963813963814,33.8513812702149
1743374448695,18:40:48.695,73,-1,1698.1684981685,0.141414141414141,33.8513812702149
1743374448714,18:40:48.714,73,-1,1698.9010989011,0.144078144078144,33.8513812702149
1743374448734,18:40:48.734,73,-1,1679.85347985348,0.148518148518149,33.8513812702149
1743374448753,18:40:48.753,73,-1,1654.94505494505,0.154290154290154,33.8513812702149
1743374448773,18:40:48.773,73,-1,1644.68864468864,0.170718170718171,33.8513812702149
1743374448792,18:40:48.792,73,-1,1626.37362637363,0.181374181374181,33.8513812702149
1743374448812,18:40:48.812,73,-1,1602.1978021978,0.193806193806194,33.8513812702149
1743374448831,18:40:48.831,73,-1,1582.41758241758,0.2004662004662,33.8513812702149
1743374448851,18:40:48.851,73,-1,1555.31135531136,0.200910200910201,33.8513812702149
1743374448870,18:40:48.870,73,-1,1526.73992673993,0.2000222000222,33.8513812702149
1743374448890,18:40:48.890,73,-1,1506.95970695971,0.198690198690199,33.8513812702149
1743374448909,18:40:48.909,73,-1,1509.89010989011,0.198246198246198,33.8513812702149
1743374448929,18:40:48.929,73,-1,1499.6336996337,0.197358197358197,33.8513812702149
1743374448948,18:40:48.948,73,-1,1481.31868131868,0.196470196470196,33.8663897764636
1743374448968,18:40:48.968,72,-1,1462.27106227106,0.195582195582196,33.8663897764636
1743374448987,18:40:48.987,72,-1,1449.81684981685,0.195138195138195,33.8663897764636
1743374449007,18:40:49.007,72,-1,1436.63003663004,0.194694194694195,33.8663897764636
1743374449026,18:40:49.026,72,-1,1424.17582417582,0.194694194694195,33.8663897764636
1743374449046,18:40:49.046,72,-1,1405.86080586081,0.194250194250194,33.8663897764636
1743374449065,18:40:49.065,72,-1,1389.01098901099,0.194250194250194,33.8663897764636
1743374449085,18:40:49.085,72,-1,1374.35897435897,0.196914196914197,33.8663897764636
1743374449104,18:40:49.104,72,-1,1358.97435897436,0.198690198690199,33.8663897764636
1743374449124,18:40:49.124,72,-1,1339.92673992674,0.2000222000222,33.8663897764636
1743374449143,18:40:49.143,72,-1,1327.47252747253,0.173382173382173,33.8663897764636
1743374449163,18:40:49.163,72,-1,1325.27472527473,0.162726162726163,33.8663897764636
1743374449182,18:40:49.182,72,-1,1315.01831501831,0.152514152514153,33.8663897764636
1743374449202,18:40:49.202,72,-1,1320.87912087912,0.152514152514153,33.8663897764636
1743374449221,18:40:49.221,72,-1,1323.80952380952,0.1995781995782,33.8663897764636
1743374449241,18:40:49.241,72,-1,1304.7619047619,0.216006216006216,33.8663897764636
1743374449260,18:40:49.260,72,-1,1294.50549450549,0.223110223110223,33.8663897764636
1743374449280,18:40:49.280,72,-1,1287.91208791209,0.221778221778222,33.8663897764636
1743374449299,18:40:49.299,72,-1,1279.12087912088,0.218670218670219,33.8663897764636
1743374449319,18:40:49.319,72,-1,1282.05128205128,0.22044622044622,33.8663897764636
1743374449338,18:40:49.338,72,-1,1285.71428571429,0.223554223554223,33.8663897764636
1743374449358,18:40:49.358,72,-1,1280.58608058608,0.22000222000222,33.8663897764636
1743374449377,18:40:49.377,72,-1,1308.42490842491,0.22044622044622,33.8663897764636
1743374449397,18:40:49.397,72,-1,1365.56776556777,0.231990231990232,33.8663897764636
1743374449416,18:40:49.416,72,-1,1439.56043956044,0.240870240870241,33.8663897764636
1743374449436,18:40:49.436,72,-1,1521.61172161172,0.242202242202242,33.8663897764636
1743374449455,18:40:49.455,72,-1,1586.81318681319,0.251082251082251,33.8663897764636
1743374449475,18:40:49.475,72,-1,1643.22344322344,0.252858252858253,33.8663897764636
1743374449494,18:40:49.494,72,-1,1690.10989010989,0.25996225996226,33.8663897764636
1743374449514,18:40:49.514,72,-1,1717.94871794872,0.251526251526252,33.8663897764636
1743374449533,18:40:49.533,72,-1,1726.73992673993,0.245754245754246,33.8663897764636
1743374449553,18:40:49.553,72,-1,1720.87912087912,0.247974247974248,33.8663897764636
1743374449572,18:40:49.572,72,-1,1715.75091575092,0.252858252858253,33.8663897764636
1743374449592,18:40:49.592,72,-1,1718.68131868132,0.258186258186258,33.8663897764636
1743374449611,18:40:49.611,72,-1,1714.28571428571,0.264846264846265,33.8663897764636
1743374449631,18:40:49.631,72,-1,1704.7619047619,0.275058275058275,33.8663897764636
1743374449650,18:40:49.650,72,-1,1673.99267399267,0.282162282162282,33.8663897764636
1743374449670,18:40:49.670,72,-1,1628.57142857143,0.287490287490287,33.8663897764636
1743374449689,18:40:49.689,72,-1,1597.0695970696,0.288822288822289,33.8663897764636
1743374449709,18:40:49.709,72,-1,1581.68498168498,0.291930291930292,33.8663897764636
1743374449728,18:40:49.728,72,-1,1561.90476190476,0.294150294150294,33.8663897764636
1743374449748,18:40:49.748,72,-1,1547.98534798535,0.295926295926296,33.8663897764636
1743374449767,18:40:49.767,72,-1,1531.13553113553,0.298146298146298,33.8663897764636
1743374449787,18:40:49.787,72,-1,1513.55311355311,0.3003663003663,33.8663897764636
1743374449806,18:40:49.806,72,-1,1498.9010989011,0.303030303030303,33.8663897764636
1743374449826,18:40:49.826,72,-1,1487.17948717949,0.305250305250305,33.8663897764636
1743374449845,18:40:49.845,72,-1,1471.79487179487,0.307026307026307,33.8663897764636
1743374449865,18:40:49.865,72,-1,1451.28205128205,0.308358308358308,33.8663897764636
1743374449884,18:40:49.884,72,-1,1425.64102564103,0.309246309246309,33.8663897764636
1743374449904,18:40:49.904,72,-1,1400.7326007326,0.310578310578311,33.8663897764636
1743374449923,18:40:49.923,72,-1,1383.15018315018,0.311466311466311,33.8663897764636
1743374449943,18:40:49.943,72,-1,1369.96336996337,0.311910311910312,33.8713926002383
1743374449962,18:40:49.962,72,-1,1351.64835164835,0.312354312354312,33.8713926002383
1743374449982,18:40:49.982,72,-1,1315.75091575092,0.314574314574315,33.8713926002383
1743374450001,18:40:50.001,72,-1,1305.49450549451,0.322122322122322,33.8713926002383
1743374450021,18:40:50.021,72,-1,1308.42490842491,0.327006327006327,33.8713926002383
1743374450040,18:40:50.040,72,-1,1300.3663003663,0.330558330558331,33.8713926002383
1743374450060,18:40:50.060,72,-1,1296.7032967033,0.333222333222333,33.8713926002383
1743374450079,18:40:50.079,72,-1,1292.30769230769,0.337218337218337,33.8713926002383
1743374450099,18:40:50.099,72,-1,1294.50549450549,0.328782328782329,33.8713926002383
1743374450118,18:40:50.118,72,-1,1294.50549450549,0.307914307914308,33.8713926002383
1743374450138,18:40:50.138,72,-1,1282.05128205128,0.314574314574315,33.8713926002383
1743374450157,18:40:50.157,72,-1,1278.38827838828,0.319014319014319,33.8713926002383
1743374450177,18:40:50.177,72,-1,1271.06227106227,0.293706293706294,33.8713926002383
1743374450196,18:40:50.196,72,-1,1260.80586080586,0.269286269286269,33.8713926002383
1743374450216,18:40:50.216,72,-1,1251.28205128205,0.266178266178266,33.8713926002383
1743374450235,18:40:50.235,72,-1,1231.50183150183,0.264846264846265,33.8713926002383
1743374450255,18:40:50.255,72,-1,1210.98901098901,0.273282273282273,33.8713926002383
1743374450274,18:40:50.274,72,-1,1205.86080586081,0.278610278610279,33.8713926002383
1743374450294,18:40:50.294,72,-1,1228.57142857143,0.28038628038628,33.8713926002383
1743374450313,18:40:50.313,72,-1,1281.31868131868,0.283050283050283,33.8713926002383
1743374450333,18:40:50.333,72,-1,1352.38095238095,0.284826284826285,33.8713926002383
1743374450352,18:40:50.352,72,-1,1425.64102564103,0.283938283938284,33.8713926002383
1743374450372,18:40:50.372,72,-1,1501.8315018315,0.27994227994228,33.8713926002383
1743374450391,18:40:50.391,72,-1,1575.09157509157,0.278166278166278,33.8713926002383
1743374450411,18:40:50.411,72,-1,1641.02564102564,0.273726273726274,33.8713926002383
1743374450430,18:40:50.430,72,-1,1694.50549450549,0.251970251970252,33.8713926002383
1743374450450,18:40:50.450,72,-1,1717.94871794872,0.251082251082251,33.8713926002383
1743374450469,18:40:50.469,72,-1,1725.27472527473,0.258186258186258,33.8713926002383
1743374450489,18:40:50.489,72,-1,1722.34432234432,0.262182262182262,33.8713926002383
1743374450508,18:40:50.508,72,-1,1717.94871794872,0.261738261738262,33.8713926002383
1743374450528,18:40:50.528,72,-1,1704.0293040293,0.255966255966256,33.8713926002383
1743374450547,18:40:50.547,72,-1,1667.39926739927,0.25996225996226,33.8713926002383
1743374450567,18:40:50.567,72,-1,1624.17582417582,0.278166278166278,33.8713926002383
1743374450586,18:40:50.586,72,-1,1573.62637362637,0.297258297258297,33.8713926002383
1743374450606,18:40:50.606,72,-1,1540.65934065934,0.278610278610279,33.8713926002383
1743374450625,18:40:50.625,72,-1,1506.22710622711,0.247086247086247,33.8713926002383
1743374450645,18:40:50.645,72,-1,1490.84249084249,0.234210234210234,33.8713926002383
1743374450664,18:40:50.664,72,-1,1487.91208791209,0.227550227550227,33.8713926002383
1743374450684,18:40:50.684,72,-1,1496.7032967033,0.22000222000222,33.8713926002383
1743374450703,18:40:50.703,72,-1,1494.50549450549,0.220890220890221,33.8713926002383
1743374450723,18:40:50.723,72,-1,1476.92307692308,0.227994227994228,33.8713926002383
1743374450742,18:40:50.742,72,-1,1460.07326007326,0.24042624042624,33.8713926002383
1743374450762,18:40:50.762,72,-1,1446.88644688645,0.254190254190254,33.8713926002383
1743374450781,18:40:50.781,72,-1,1432.23443223443,0.264846264846265,33.8713926002383
1743374450801,18:40:50.801,72,-1,1407.32600732601,0.271950271950272,33.8713926002383
1743374450820,18:40:50.820,72,-1,1372.16117216117,0.267954267954268,33.8713926002383
1743374450840,18:40:50.840,72,-1,1352.38095238095,0.267954267954268,33.8713926002383
1743374450859,18:40:50.859,72,-1,1338.46153846154,0.268398268398268,33.8713926002383
1743374450879,18:40:50.879,72,-1,1328.20512820513,0.271950271950272,33.8713926002383
1743374450898,18:40:50.898,72,-1,1308.42490842491,0.279498279498279,33.8713926002383
1743374450918,18:40:50.918,63,-1,1290.10989010989,0.287046287046287,33.8713926002383
1743374450937,18:40:50.937,63,-1,1263.73626373626,0.284826284826285,33.8964066318003
1743374450957,18:40:50.957,63,-1,1238.09523809524,0.294150294150294,33.8964066318003
1743374450976,18:40:50.976,63,-1,1218.31501831502,0.29015429015429,33.8964066318003
1743374450996,18:40:50.996,63,-1,1211.72161172161,0.256410256410256,33.8964066318003
1743374451015,18:40:51.015,63,-1,1210.25641025641,0.246642246642247,33.8964066318003
1743374451035,18:40:51.035,63,-1,1202.1978021978,0.23953823953824,33.8964066318003
1743374451054,18:40:51.054,63,-1,1210.98901098901,0.244422244422244,33.8964066318003
1743374451074,18:40:51.074,63,-1,1231.50183150183,0.258186258186258,33.8964066318003
1743374451093,18:40:51.093,63,-1,1245.42124542125,0.273726273726274,33.8964066318003
1743374451113,18:40:51.113,63,-1,1242.49084249084,0.277278277278277,33.8964066318003
1743374451132,18:40:51.132,63,-1,1235.89743589744,0.284826284826285,33.8964066318003
1743374451152,18:40:51.152,63,-1,1219.78021978022,0.278166278166278,33.8964066318003
1743374451171,18:40:51.171,63,-1,1203.663003663,0.275502275502275,33.8964066318003
1743374451191,18:40:51.191,63,-1,1215.38461538462,0.276390276390276,33.8964066318003
1743374451210,18:40:51.210,63,-1,1264.46886446886,0.284382284382284,33.8964066318003
1743374451230,18:40:51.230,63,-1,1329.67032967033,0.287934287934288,33.8964066318003
1743374451249,18:40:51.249,63,-1,1411.72161172161,0.298590298590299,33.8964066318003
1743374451269,18:40:51.269,63,-1,1484.24908424908,0.294150294150294,33.8964066318003
1743374451288,18:40:51.288,63,-1,1544.32234432234,0.274170274170274,33.8964066318003
1743374451308,18:40:51.308,63,-1,1572.16117216117,0.258630258630259,33.8964066318003
1743374451327,18:40:51.327,63,-1,1590.47619047619,0.259074259074259,33.8964066318003
1743374451347,18:40:51.347,63,-1,1603.663003663,0.267066267066267,33.8964066318003
1743374451366,18:40:51.366,63,-1,1602.9304029304,0.275502275502275,33.8964066318003
1743374451386,18:40:51.386,63,-1,1591.20879120879,0.28038628038628,33.8964066318003
1743374451405,18:40:51.405,63,-1,1578.02197802198,0.28038628038628,33.8964066318003
1743374451425,18:40:51.425,63,-1,1575.09157509157,0.276834276834277,33.8964066318003
1743374451444,18:40:51.444,63,-1,1567.76556776557,0.281274281274281,33.8964066318003
1743374451464,18:40:51.464,63,-1,1541.39194139194,0.282162282162282,33.8964066318003
1743374451483,18:40:51.483,63,-1,1501.8315018315,0.295482295482295,33.8964066318003
1743374451503,18:40:51.503,63,-1,1466.66666666667,0.307026307026307,33.8964066318003
1743374451522,18:40:51.522,63,-1,1446.88644688645,0.303474303474303,33.8964066318003
1743374451542,18:40:51.542,63,-1,1432.23443223443,0.27017427017427,33.8964066318003
1743374451561,18:40:51.561,63,-1,1417.58241758242,0.230658230658231,33.8964066318003
1743374451581,18:40:51.581,63,-1,1402.9304029304,0.221334221334221,33.8964066318003
1743374451600,18:40:51.600,63,-1,1387.54578754579,0.232434232434232,33.8964066318003
1743374451620,18:40:51.620,63,-1,1375.82417582418,0.245310245310245,33.8964066318003
1743374451639,18:40:51.639,63,-1,1372.16117216117,0.27017427017427,33.8964066318003
1743374451659,18:40:51.659,63,-1,1372.89377289377,0.287934287934288,33.8964066318003
1743374451678,18:40:51.678,63,-1,1367.03296703297,0.286158286158286,33.8964066318003
1743374451698,18:40:51.698,63,-1,1342.85714285714,0.28971028971029,33.8964066318003
1743374451717,18:40:51.717,63,-1,1318.68131868132,0.281718281718282,33.8964066318003
1743374451737,18:40:51.737,63,-1,1306.22710622711,0.286158286158286,33.8964066318003
1743374451756,18:40:51.756,63,-1,1306.22710622711,0.293262293262293,33.8964066318003
1743374451776,18:40:51.776,60,-1,1307.69230769231,0.297702297702298,33.8964066318003
1743374451795,18:40:51.795,60,-1,1306.95970695971,0.300810300810301,33.8964066318003
1743374451815,18:40:51.815,60,-1,1283.51648351648,0.303918303918304,33.8964066318003
1743374451834,18:40:51.834,60,-1,1257.14285714286,0.282162282162282,33.8964066318003
1743374451854,18:40:51.854,60,-1,1241.75824175824,0.257742257742258,33.8964066318003
1743374451873,18:40:51.873,60,-1,1244.68864468864,0.253746253746254,33.8964066318003
1743374451893,18:40:51.893,60,-1,1243.22344322344,0.259074259074259,33.8964066318003
1743374451912,18:40:51.912,60,-1,1238.09523809524,0.271506271506271,33.8964066318003
1743374451932,18:40:51.932,60,-1,1223.44322344322,0.284826284826285,33.9264232775895
1743374451951,18:40:51.951,60,-1,1198.5347985348,0.298146298146298,33.9264232775895
1743374451971,18:40:51.971,60,-1,1179.48717948718,0.291486291486291,33.9264232775895
1743374451990,18:40:51.990,60,-1,1186.08058608059,0.286158286158286,33.9264232775895
1743374452010,18:40:52.010,60,-1,1224.90842490842,0.286158286158286,33.9264232775895
1743374452029,18:40:52.029,60,-1,1292.30769230769,0.281274281274281,33.9264232775895
1743374452049,18:40:52.049,60,-1,1381.68498168498,0.279054279054279,33.9264232775895
1743374452068,18:40:52.068,60,-1,1465.93406593407,0.277278277278277,33.9264232775895
1743374452088,18:40:52.088,60,-1,1525.27472527473,0.288822288822289,33.9264232775895
1743374452107,18:40:52.107,60,-1,1553.11355311355,0.293262293262293,33.9264232775895
1743374452127,18:40:52.127,60,-1,1570.69597069597,0.263514263514264,33.9264232775895
1743374452146,18:40:52.146,60,-1,1564.83516483516,0.251082251082251,33.9264232775895
1743374452166,18:40:52.166,60,-1,1548.71794871795,0.240870240870241,33.9264232775895
1743374452185,18:40:52.185,60,-1,1540.65934065934,0.247086247086247,33.9264232775895
1743374452205,18:40:52.205,60,-1,1539.19413919414,0.263070263070263,33.9264232775895
1743374452224,18:40:52.224,60,-1,1525.27472527473,0.281274281274281,33.9264232775895
1743374452244,18:40:52.244,60,-1,1504.7619047619,0.298146298146298,33.9264232775895
1743374452263,18:40:52.263,60,-1,1467.39926739927,0.318126318126318,33.9264232775895
1743374452283,18:40:52.283,60,-1,1442.49084249084,0.32034632034632,33.9264232775895
1743374452302,18:40:52.302,60,-1,1421.97802197802,0.315018315018315,33.9264232775895
1743374452322,18:40:52.322,60,-1,1416.84981684982,0.317238317238317,33.9264232775895
1743374452341,18:40:52.341,60,-1,1410.98901098901,0.324342324342324,33.9264232775895
1743374452361,18:40:52.361,60,-1,1400.7326007326,0.331446331446331,33.9264232775895
1743374452380,18:40:52.380,60,-1,1375.82417582418,0.28038628038628,33.9264232775895
1743374452400,18:40:52.400,60,-1,1366.30036630037,0.227106227106227,33.9264232775895
1743374452419,18:40:52.419,60,-1,1366.30036630037,0.208014208014208,33.9264232775895
1743374452439,18:40:52.439,60,-1,1361.90476190476,0.191142191142191,33.9264232775895
1743374452458,18:40:52.458,60,-1,1347.98534798535,0.196470196470196,33.9264232775895
1743374452478,18:40:52.478,60,-1,1319.41391941392,0.226662226662227,33.9264232775895
1743374452497,18:40:52.497,60,-1,1306.22710622711,0.255522255522255,33.9264232775895
1743374452517,18:40:52.517,60,-1,1303.2967032967,0.276390276390276,33.9264232775895
1743374452536,18:40:52.536,60,-1,1293.04029304029,0.283938283938284,33.9264232775895
1743374452556,18:40:52.556,60,-1,1265.93406593407,0.290598290598291,33.9264232775895
1743374452575,18:40:52.575,60,-1,1245.42124542125,0.295038295038295,33.9264232775895
1743374452595,18:40:52.595,70,-1,1249.81684981685,0.298146298146298,33.9264232775895
1743374452614,18:40:52.614,70,-1,1248.35164835165,0.299034299034299,33.9264232775895
1743374452634,18:40:52.634,70,-1,1247.61904761905,0.305694305694306,33.9264232775895
1743374452653,18:40:52.653,70,-1,1258.60805860806,0.301254301254301,33.9264232775895
1743374452673,18:40:52.673,70,-1,1258.60805860806,0.244422244422244,33.9264232775895
1743374452692,18:40:52.692,70,-1,1254.94505494505,0.2000222000222,33.9264232775895
1743374452712,18:40:52.712,70,-1,1246.15384615385,0.192030192030192,33.9264232775895
1743374452731,18:40:52.731,70,-1,1234.43223443223,0.194694194694195,33.9264232775895
1743374452751,18:40:52.751,70,-1,1254.94505494505,0.200910200910201,33.9264232775895
1743374452770,18:40:52.770,70,-1,1314.28571428571,0.209346209346209,33.9264232775895
1743374452790,18:40:52.790,70,-1,1394.87179487179,0.22044622044622,33.9264232775895
1743374452809,18:40:52.809,70,-1,1454.94505494505,0.233322233322233,33.9264232775895
1743374452829,18:40:52.829,70,-1,1492.30769230769,0.25019425019425,33.9264232775895
1743374452848,18:40:52.848,70,-1,1520.14652014652,0.257298257298257,33.9264232775895
1743374452868,18:40:52.868,70,-1,1534.06593406593,0.267510267510268,33.9264232775895
1743374452887,18:40:52.887,70,-1,1541.39194139194,0.267066267066267,33.9264232775895
1743374452907,18:40:52.907,70,-1,1531.13553113553,0.266178266178266,33.9264232775895
1743374452926,18:40:52.926,70,-1,1517.21611721612,0.265290265290265,33.9264232775895
1743374452946,18:40:52.946,70,-1,1515.01831501831,0.254634254634255,33.9264232775895
1743374452965,18:40:52.965,70,-1,1504.7619047619,0.245754245754246,33.9264232775895
1743374452985,18:40:52.985,70,-1,1490.84249084249,0.246642246642247,33.9264232775895
1743374453004,18:40:53.004,70,-1,1460.07326007326,0.247086247086247,33.9264232775895
1743374453024,18:40:53.024,70,-1,1424.17582417582,0.24975024975025,33.9264232775895
1743374453043,18:40:53.043,70,-1,1394.13919413919,0.252414252414252,33.9264232775895
1743374453063,18:40:53.063,70,-1,1375.82417582418,0.254190254190254,33.9264232775895
1743374453082,18:40:53.082,70,-1,1363.36996336996,0.259074259074259,33.9264232775895
1743374453102,18:40:53.102,70,-1,1358.97435897436,0.271062271062271,33.9264232775895
1743374453121,18:40:53.121,70,-1,1355.31135531136,0.275058275058275,33.9264232775895
1743374453141,18:40:53.141,70,-1,1359.70695970696,0.275058275058275,33.9264232775895
1743374453160,18:40:53.160,70,-1,1358.97435897436,0.279054279054279,33.9264232775895
1743374453180,18:40:53.180,70,-1,1345.78754578755,0.282162282162282,33.9264232775895
1743374453199,18:40:53.199,70,-1,1341.39194139194,0.281274281274281,33.9264232775895
1743374453219,18:40:53.219,70,-1,1327.47252747253,0.278166278166278,33.9264232775895
1743374453238,18:40:53.238,70,-1,1319.41391941392,0.271062271062271,33.9264232775895
1743374453258,18:40:53.258,70,-1,1318.68131868132,0.257298257298257,33.9264232775895
1743374453277,18:40:53.277,70,-1,1295.2380952381,0.256854256854257,33.9264232775895
1743374453297,18:40:53.297,70,-1,1265.20146520147,0.259074259074259,33.9264232775895
1743374453316,18:40:53.316,70,-1,1240.29304029304,0.262182262182262,33.9264232775895
1743374453336,18:40:53.336,70,-1,1230.03663003663,0.266178266178266,33.9264232775895
1743374453355,18:40:53.355,70,-1,1227.10622710623,0.267954267954268,33.9264232775895
1743374453375,18:40:53.375,70,-1,1220.51282051282,0.26973026973027,33.9264232775895
1743374453394,18:40:53.394,70,-1,1206.59340659341,0.274170274170274,33.9264232775895
1743374453414,18:40:53.414,70,-1,1215.38461538462,0.277722277722278,33.9264232775895
1743374453433,18:40:53.433,70,-1,1239.56043956044,0.279498279498279,33.9264232775895
1743374453453,18:40:53.453,70,-1,1274.72527472527,0.27994227994228,33.9264232775895
1743374453472,18:40:53.472,73,-1,1312.08791208791,0.279054279054279,33.9264232775895
1743374453492,18:40:53.492,73,-1,1360.43956043956,0.275946275946276,33.9264232775895
1743374453511,18:40:53.511,73,-1,1414.65201465201,0.271062271062271,33.9264232775895
1743374453531,18:40:53.531,73,-1,1460.80586080586,0.267066267066267,33.9264232775895
1743374453550,18:40:53.550,73,-1,1494.50549450549,0.267510267510268,33.9264232775895
1743374453570,18:40:53.570,73,-1,1512.08791208791,0.267510267510268,33.9264232775895
1743374453589,18:40:53.589,73,-1,1521.61172161172,0.267954267954268,33.9264232775895
1743374453609,18:40:53.609,73,-1,1527.47252747253,0.270618270618271,33.9264232775895
1743374453628,18:40:53.628,73,-1,1536.26373626374,0.271950271950272,33.9264232775895
1743374453648,18:40:53.648,73,-1,1534.79853479853,0.279054279054279,33.9264232775895
1743374453667,18:40:53.667,73,-1,1512.08791208791,0.283494283494283,33.9264232775895
1743374453687,18:40:53.687,73,-1,1484.98168498168,0.283938283938284,33.9264232775895
1743374453706,18:40:53.706,73,-1,1467.39926739927,0.270618270618271,33.9264232775895
1743374453726,18:40:53.726,73,-1,1446.88644688645,0.248418248418248,33.9264232775895
1743374453745,18:40:53.745,73,-1,1421.24542124542,0.214674214674215,33.9264232775895
1743374453765,18:40:53.765,73,-1,1401.4652014652,0.176934176934177,33.9264232775895
1743374453784,18:40:53.784,73,-1,1389.74358974359,0.172938172938173,33.9264232775895
1743374453804,18:40:53.804,73,-1,1376.55677655678,0.174270174270174,33.9264232775895
1743374453823,18:40:53.823,73,-1,1367.03296703297,0.175158175158175,33.9264232775895
1743374453843,18:40:53.843,73,-1,1358.24175824176,0.178710178710179,33.9264232775895
1743374453862,18:40:53.862,73,-1,1349.45054945055,0.19025419025419,33.9264232775895
1743374453882,18:40:53.882,73,-1,1328.93772893773,0.216894216894217,33.9264232775895
1743374453901,18:40:53.901,73,-1,1309.89010989011,0.225774225774226,33.9264232775895
1743374453921,18:40:53.921,73,-1,1286.44688644689,0.229326229326229,33.961442432832
1743374453940,18:40:53.940,73,-1,1277.65567765568,0.227550227550227,33.961442432832
1743374453960,18:40:53.960,73,-1,1266.66666666667,0.21955821955822,33.961442432832
1743374453979,18:40:53.979,73,-1,1255.67765567766,0.200910200910201,33.961442432832
1743374453999,18:40:53.999,73,-1,1255.67765567766,0.153846153846154,33.961442432832
1743374454018,18:40:54.018,73,-1,1259.34065934066,0.131646131646132,33.961442432832
1743374454038,18:40:54.038,73,-1,1246.88644688645,0.121434121434121,33.961442432832
1743374454057,18:40:54.057,73,-1,1245.42124542125,0.121434121434121,33.961442432832
1743374454077,18:40:54.077,73,-1,1248.35164835165,0.128982128982129,33.961442432832
1743374454096,18:40:54.096,73,-1,1241.75824175824,0.134754134754135,33.961442432832
1743374454116,18:40:54.116,73,-1,1237.36263736264,0.147186147186147,33.961442432832
1743374454135,18:40:54.135,73,-1,1233.69963369963,0.185814185814186,33.961442432832
1743374454155,18:40:54.155,73,-1,1229.30402930403,0.212454212454212,33.961442432832
1743374454174,18:40:54.174,73,-1,1227.83882783883,0.224886224886225,33.961442432832
1743374454194,18:40:54.194,73,-1,1223.44322344322,0.22044622044622,33.961442432832
1743374454213,18:40:54.213,73,-1,1235.16483516484,0.221334221334221,33.961442432832
1743374454233,18:40:54.233,73,-1,1282.78388278388,0.222222222222222,33.961442432832
1743374454252,18:40:54.252,73,-1,1348.71794871795,0.208014208014208,33.961442432832
1743374454272,18:40:54.272,73,-1,1403.663003663,0.205350205350205,33.961442432832
1743374454291,18:40:54.291,73,-1,1447.61904761905,0.168942168942169,33.961442432832
1743374454311,18:40:54.311,73,-1,1473.26007326007,0.162282162282162,33.961442432832
1743374454330,18:40:54.330,73,-1,1488.64468864469,0.162282162282162,33.961442432832
1743374454350,18:40:54.350,73,-1,1504.0293040293,0.163614163614164,33.961442432832
1743374454369,18:40:54.369,73,-1,1509.15750915751,0.166278166278166,33.961442432832
1743374454389,18:40:54.389,68,-1,1499.6336996337,0.173826173826174,33.961442432832
1743374454408,18:40:54.408,68,-1,1501.8315018315,0.194694194694195,33.961442432832
1743374454428,18:40:54.428,68,-1,1495.9706959707,0.220890220890221,33.961442432832
1743374454447,18:40:54.447,68,-1,1474.72527472527,0.225774225774226,33.961442432832
1743374454467,18:40:54.467,68,-1,1453.47985347985,0.227106227106227,33.961442432832
1743374454486,18:40:54.486,68,-1,1447.61904761905,0.217338217338217,33.961442432832
1743374454506,18:40:54.506,68,-1,1421.24542124542,0.212898212898213,33.961442432832
1743374454525,18:40:54.525,68,-1,1394.87179487179,0.206682206682207,33.961442432832
1743374454545,18:40:54.545,68,-1,1372.89377289377,0.205350205350205,33.961442432832
1743374454564,18:40:54.564,68,-1,1352.38095238095,0.200910200910201,33.961442432832
1743374454584,18:40:54.584,68,-1,1347.98534798535,0.162726162726163,33.961442432832
1743374454603,18:40:54.603,68,-1,1345.05494505494,0.147186147186147,33.961442432832
1743374454623,18:40:54.623,68,-1,1336.26373626374,0.148074148074148,33.961442432832
1743374454642,18:40:54.642,68,-1,1323.80952380952,0.151626151626152,33.961442432832
1743374454662,18:40:54.662,68,-1,1314.28571428571,0.156510156510156,33.961442432832
1743374454681,18:40:54.681,68,-1,1303.2967032967,0.176490176490176,33.961442432832
1743374454701,18:40:54.701,68,-1,1286.44688644689,0.205350205350205,33.961442432832
1743374454720,18:40:54.720,68,-1,1273.99267399267,0.223554223554223,33.961442432832
1743374454740,18:40:54.740,68,-1,1269.59706959707,0.218670218670219,33.961442432832
1743374454759,18:40:54.759,68,-1,1269.59706959707,0.213342213342213,33.961442432832
1743374454779,18:40:54.779,68,-1,1271.06227106227,0.220890220890221,33.961442432832
1743374454798,18:40:54.798,68,-1,1269.59706959707,0.214230214230214,33.961442432832
1743374454818,18:40:54.818,68,-1,1263.73626373626,0.215562215562216,33.961442432832
1743374454837,18:40:54.837,68,-1,1264.46886446886,0.215562215562216,33.961442432832
1743374454857,18:40:54.857,68,-1,1262.27106227106,0.2004662004662,33.961442432832
1743374454876,18:40:54.876,68,-1,1263.73626373626,0.165390165390165,33.961442432832
1743374454896,18:40:54.896,68,-1,1260.80586080586,0.144966144966145,33.961442432832
1743374454915,18:40:54.915,68,-1,1241.75824175824,0.136086136086136,33.9664451460121
1743374454935,18:40:54.935,68,-1,1230.03663003663,0.15029415029415,33.9664451460121
1743374454954,18:40:54.954,68,-1,1248.35164835165,0.164946164946165,33.9664451460121
1743374454974,18:40:54.974,68,-1,1289.37728937729,0.173826173826174,33.9664451460121
1743374454993,18:40:54.993,68,-1,1344.32234432234,0.176934176934177,33.9664451460121
1743374455013,18:40:55.013,68,-1,1404.3956043956,0.191586191586192,33.9664451460121
1743374455032,18:40:55.032,68,-1,1446.88644688645,0.22000222000222,33.9664451460121
1743374455052,18:40:55.052,68,-1,1473.26007326007,0.206682206682207,33.9664451460121
1743374455071,18:40:55.071,68,-1,1484.98168498168,0.211122211122211,33.9664451460121
1743374455091,18:40:55.091,68,-1,1512.82051282051,0.207570207570208,33.9664451460121
1743374455110,18:40:55.110,68,-1,1541.39194139194,0.206238206238206,33.9664451460121
1743374455130,18:40:55.130,68,-1,1561.90476190476,0.203130203130203,33.9664451460121
1743374455149,18:40:55.149,68,-1,1559.70695970696,0.22044622044622,33.9664451460121
1743374455169,18:40:55.169,68,-1,1542.12454212454,0.214230214230214,33.9664451460121
1743374455188,18:40:55.188,68,-1,1526.00732600733,0.219114219114219,33.9664451460121
1743374455208,18:40:55.208,68,-1,1501.8315018315,0.220890220890221,33.9664451460121
1743374455228,18:40:55.227,68,-1,1472.52747252747,0.214674214674215,33.9664451460121
1743374455247,18:40:55.247,68,-1,1436.63003663004,0.196914196914197,33.9664451460121
1743374455267,18:40:55.266,68,-1,1391.20879120879,0.158286158286158,33.9664451460121
1743374455286,18:40:55.286,65,-1,1356.04395604396,0.13963813963814,33.9664451460121
1743374455306,18:40:55.305,65,-1,1357.50915750916,0.13963813963814,33.9664451460121
1743374455325,18:40:55.325,65,-1,1359.70695970696,0.141858141858142,33.9664451460121
1743374455345,18:40:55.344,65,-1,1359.70695970696,0.144522144522145,33.9664451460121
1743374455364,18:40:55.364,65,-1,1360.43956043956,0.146742146742147,33.9664451460121
1743374455384,18:40:55.384,65,-1,1356.77655677656,0.152514152514153,33.9664451460121
1743374455403,18:40:55.403,65,-1,1335.53113553114,0.187590187590188,33.9664451460121
1743374455423,18:40:55.423,65,-1,1328.93772893773,0.207570207570208,33.9664451460121
1743374455442,18:40:55.442,65,-1,1318.68131868132,0.210678210678211,33.9664451460121
1743374455462,18:40:55.462,65,-1,1295.9706959707,0.206238206238206,33.9664451460121
1743374455481,18:40:55.481,65,-1,1284.24908424908,0.206238206238206,33.9664451460121
1743374455501,18:40:55.501,65,-1,1282.05128205128,0.200910200910201,33.9664451460121
1743374455520,18:40:55.520,65,-1,1290.10989010989,0.198246198246198,33.9664451460121
1743374455540,18:40:55.540,65,-1,1288.64468864469,0.174714174714175,33.9664451460121
1743374455559,18:40:55.559,65,-1,1277.65567765568,0.151182151182151,33.9664451460121
1743374455579,18:40:55.579,65,-1,1258.60805860806,0.144522144522145,33.9664451460121
1743374455598,18:40:55.598,65,-1,1245.42124542125,0.145854145854146,33.9664451460121
1743374455618,18:40:55.618,65,-1,1251.28205128205,0.148518148518149,33.9664451460121
1743374455637,18:40:55.637,65,-1,1262.27106227106,0.151182151182151,33.9664451460121
1743374455657,18:40:55.657,65,-1,1258.60805860806,0.158286158286158,33.9664451460121
1743374455676,18:40:55.676,65,-1,1246.15384615385,0.17959817959818,33.9664451460121
1743374455696,18:40:55.696,65,-1,1232.96703296703,0.203130203130203,33.9664451460121
1743374455715,18:40:55.715,65,-1,1231.50183150183,0.212454212454212,33.9664451460121
1743374455735,18:40:55.735,65,-1,1241.02564102564,0.210678210678211,33.9664451460121
1743374455754,18:40:55.754,65,-1,1269.59706959707,0.20979020979021,33.9664451460121
1743374455774,18:40:55.774,65,-1,1309.89010989011,0.207570207570208,33.9664451460121
1743374455793,18:40:55.793,65,-1,1359.70695970696,0.205794205794206,33.9664451460121
1743374455813,18:40:55.813,65,-1,1416.84981684982,0.205350205350205,33.9664451460121
1743374455832,18:40:55.832,65,-1,1470.32967032967,0.204462204462204,33.9664451460121
1743374455852,18:40:55.852,65,-1,1506.95970695971,0.205794205794206,33.9664451460121
1743374455871,18:40:55.871,65,-1,1539.92673992674,0.216894216894217,33.9664451460121
1743374455891,18:40:55.891,65,-1,1575.09157509157,0.221778221778222,33.9664451460121
1743374455910,18:40:55.910,65,-1,1595.6043956044,0.223998223998224,33.9914586246014
1743374455930,18:40:55.930,65,-1,1599.2673992674,0.231102231102231,33.9914586246014
1743374455949,18:40:55.949,65,-1,1605.86080586081,0.237318237318237,33.9914586246014
1743374455969,18:40:55.969,65,-1,1608.79120879121,0.242202242202242,33.9914586246014
1743374455988,18:40:55.988,65,-1,1592.67399267399,0.246642246642247,33.9914586246014
1743374456008,18:40:56.008,65,-1,1567.76556776557,0.25019425019425,33.9914586246014
1743374456027,18:40:56.027,65,-1,1536.26373626374,0.251526251526252,33.9914586246014
1743374456047,18:40:56.047,65,-1,1493.04029304029,0.246642246642247,33.9914586246014
1743374456066,18:40:56.066,67,-1,1458.60805860806,0.240870240870241,33.9914586246014
1743374456086,18:40:56.086,67,-1,1432.23443223443,0.242646242646243,33.9914586246014
1743374456105,18:40:56.105,67,-1,1416.11721611722,0.232434232434232,33.9914586246014
1743374456125,18:40:56.125,67,-1,1405.86080586081,0.223998223998224,33.9914586246014
1743374456144,18:40:56.144,67,-1,1386.08058608059,0.21955821955822,33.9914586246014
1743374456164,18:40:56.164,67,-1,1365.56776556777,0.219114219114219,33.9914586246014
1743374456183,18:40:56.183,67,-1,1364.83516483516,0.216894216894217,33.9914586246014
1743374456203,18:40:56.203,67,-1,1372.89377289377,0.216450216450216,33.9914586246014
1743374456222,18:40:56.222,67,-1,1364.83516483516,0.216450216450216,33.9914586246014
1743374456242,18:40:56.242,67,-1,1359.70695970696,0.216450216450216,33.9914586246014
1743374456261,18:40:56.261,67,-1,1356.77655677656,0.215562215562216,33.9914586246014
1743374456281,18:40:56.281,67,-1,1331.13553113553,0.216450216450216,33.9914586246014
1743374456300,18:40:56.300,67,-1,1294.50549450549,0.217782217782218,33.9914586246014
1743374456320,18:40:56.320,67,-1,1282.05128205128,0.218670218670219,33.9914586246014
1743374456339,18:40:56.339,67,-1,1280.58608058608,0.21955821955822,33.9914586246014
1743374456359,18:40:56.359,67,-1,1277.65567765568,0.218670218670219,33.9914586246014
1743374456378,18:40:56.378,67,-1,1275.45787545788,0.22044622044622,33.9914586246014
1743374456398,18:40:56.398,67,-1,1263.73626373626,0.221334221334221,33.9914586246014
1743374456417,18:40:56.417,67,-1,1254.21245421245,0.220890220890221,33.9914586246014
1743374456437,18:40:56.437,67,-1,1253.47985347985,0.222222222222222,33.9914586246014
1743374456456,18:40:56.456,67,-1,1250.54945054945,0.222222222222222,33.9914586246014
1743374456476,18:40:56.476,67,-1,1246.15384615385,0.222666222666223,33.9914586246014
1743374456495,18:40:56.495,67,-1,1236.63003663004,0.223554223554223,33.9914586246014
1743374456515,18:40:56.515,67,-1,1235.89743589744,0.225330225330225,33.9914586246014
1743374456534,18:40:56.534,67,-1,1247.61904761905,0.226662226662227,33.9914586246014
1743374456554,18:40:56.554,67,-1,1262.27106227106,0.227106227106227,33.9914586246014
1743374456573,18:40:56.573,67,-1,1260.07326007326,0.227994227994228,33.9914586246014
1743374456593,18:40:56.593,67,-1,1244.68864468864,0.228438228438228,33.9914586246014
1743374456612,18:40:56.612,67,-1,1235.89743589744,0.229326229326229,33.9914586246014
1743374456632,18:40:56.632,67,-1,1224.90842490842,0.23021423021423,33.9914586246014
1743374456651,18:40:56.651,67,-1,1215.38461538462,0.230658230658231,33.9914586246014
1743374456671,18:40:56.671,67,-1,1236.63003663004,0.230658230658231,33.9914586246014
1743374456690,18:40:56.690,67,-1,1280.58608058608,0.231546231546231,33.9914586246014
1743374456710,18:40:56.710,67,-1,1348.71794871795,0.231546231546231,33.9914586246014
1743374456729,18:40:56.729,67,-1,1413.18681318681,0.231990231990232,33.9914586246014
1743374456749,18:40:56.749,67,-1,1467.39926739927,0.232878232878233,33.9914586246014
1743374456768,18:40:56.768,67,-1,1515.01831501831,0.23021423021423,33.9914586246014
1743374456788,18:40:56.788,67,-1,1560.43956043956,0.228438228438228,33.9914586246014
1743374456807,18:40:56.807,67,-1,1589.01098901099,0.225774225774226,33.9914586246014
1743374456827,18:40:56.827,77,-1,1606.59340659341,0.218670218670219,33.9914586246014
1743374456846,18:40:56.846,77,-1,1599.2673992674,0.216894216894217,33.9914586246014
1743374456866,18:40:56.866,77,-1,1579.48717948718,0.212454212454212,33.9914586246014
1743374456885,18:40:56.885,77,-1,1563.36996336996,0.213786213786214,33.9914586246014
1743374456905,18:40:56.905,77,-1,1548.71794871795,0.214674214674215,34.0014639752917
1743374456924,18:40:56.924,77,-1,1523.80952380952,0.215562215562216,34.0014639752917
1743374456944,18:40:56.944,77,-1,1495.9706959707,0.216450216450216,34.0014639752917
1743374456963,18:40:56.963,77,-1,1475.45787545788,0.216894216894217,34.0014639752917
1743374456983,18:40:56.983,77,-1,1468.13186813187,0.219114219114219,34.0014639752917
1743374457002,18:40:57.002,77,-1,1447.61904761905,0.223110223110223,34.0014639752917
1743374457022,18:40:57.022,77,-1,1414.65201465201,0.224442224442224,34.0014639752917
1743374457041,18:40:57.041,77,-1,1389.74358974359,0.225774225774226,34.0014639752917
1743374457061,18:40:57.061,77,-1,1375.82417582418,0.226218226218226,34.0014639752917
1743374457080,18:40:57.080,77,-1,1378.75457875458,0.226218226218226,34.0014639752917
1743374457100,18:40:57.100,77,-1,1400.7326007326,0.224886224886225,34.0014639752917
1743374457119,18:40:57.119,77,-1,1413.91941391941,0.22000222000222,34.0014639752917
1743374457139,18:40:57.139,77,-1,1402.9304029304,0.222222222222222,34.0014639752917
1743374457158,18:40:57.158,77,-1,1377.28937728938,0.226218226218226,34.0014639752917
1743374457178,18:40:57.178,77,-1,1345.05494505494,0.224442224442224,34.0014639752917
1743374457197,18:40:57.197,77,-1,1326.73992673993,0.220890220890221,34.0014639752917
1743374457217,18:40:57.217,77,-1,1320.87912087912,0.187590187590188,34.0014639752917
1743374457236,18:40:57.236,77,-1,1309.89010989011,0.197358197358197,34.0014639752917
1743374457256,18:40:57.256,77,-1,1284.98168498168,0.215118215118215,34.0014639752917
1743374457275,18:40:57.275,77,-1,1270.32967032967,0.216450216450216,34.0014639752917
1743374457295,18:40:57.295,77,-1,1263.73626373626,0.211122211122211,34.0014639752917
1743374457314,18:40:57.314,77,-1,1261.53846153846,0.221778221778222,34.0014639752917
1743374457334,18:40:57.334,77,-1,1262.27106227106,0.218226218226218,34.0014639752917
1743374457353,18:40:57.353,77,-1,1266.66666666667,0.218226218226218,34.0014639752917
1743374457373,18:40:57.373,77,-1,1266.66666666667,0.232434232434232,34.0014639752917
1743374457392,18:40:57.392,77,-1,1265.93406593407,0.23953823953824,34.0014639752917
1743374457412,18:40:57.412,77,-1,1263.00366300366,0.243978243978244,34.0014639752917
1743374457431,18:40:57.431,77,-1,1264.46886446886,0.234654234654235,34.0014639752917
1743374457451,18:40:57.451,77,-1,1263.00366300366,0.224886224886225,34.0014639752917
1743374457470,18:40:57.470,77,-1,1260.80586080586,0.173382173382173,34.0014639752917
1743374457490,18:40:57.490,77,-1,1257.14285714286,0.144522144522145,34.0014639752917
1743374457509,18:40:57.509,77,-1,1246.88644688645,0.136530136530137,34.0014639752917
1743374457529,18:40:57.529,79,-1,1237.36263736264,0.123210123210123,34.0014639752917
1743374457548,18:40:57.548,79,-1,1227.83882783883,0.115218115218115,34.0014639752917
1743374457568,18:40:57.568,79,-1,1230.03663003663,0.120546120546121,34.0014639752917
1743374457587,18:40:57.587,79,-1,1237.36263736264,0.120546120546121,34.0014639752917
1743374457607,18:40:57.607,79,-1,1232.23443223443,0.131202131202131,34.0014639752917
1743374457626,18:40:57.626,79,-1,1229.30402930403,0.145854145854146,34.0014639752917
1743374457646,18:40:57.646,79,-1,1245.42124542125,0.148074148074148,34.0014639752917
1743374457665,18:40:57.665,79,-1,1280.58608058608,0.148074148074148,34.0014639752917
1743374457685,18:40:57.685,79,-1,1326.73992673993,0.147630147630148,34.0014639752917
1743374457704,18:40:57.704,79,-1,1374.35897435897,0.146298146298146,34.0014639752917
1743374457724,18:40:57.724,79,-1,1410.25641025641,0.142302142302142,34.0014639752917
1743374457743,18:40:57.743,79,-1,1435.16483516484,0.136974136974137,34.0014639752917
1743374457763,18:40:57.763,79,-1,1465.20146520146,0.135198135198135,34.0014639752917
1743374457782,18:40:57.782,79,-1,1491.57509157509,0.122322122322122,34.0014639752917
1743374457802,18:40:57.802,79,-1,1512.82051282051,0.116994116994117,34.0014639752917
1743374457821,18:40:57.821,79,-1,1531.13553113553,0.111222111222111,34.0014639752917
1743374457841,18:40:57.841,79,-1,1532.60073260073,0.104118104118104,34.0014639752917
1743374457860,18:40:57.860,79,-1,1526.00732600733,0.105450105450105,34.0014639752917
1743374457880,18:40:57.880,79,-1,1517.94871794872,0.112110112110112,34.0014639752917
1743374457899,18:40:57.899,79,-1,1517.94871794872,0.116106116106116,34.0164719576715
1743374457919,18:40:57.919,79,-1,1506.22710622711,0.118770118770119,34.0164719576715
1743374457938,18:40:57.938,79,-1,1483.51648351648,0.132978132978133,34.0164719576715
1743374457958,18:40:57.958,79,-1,1465.20146520146,0.141858141858142,34.0164719576715
1743374457977,18:40:57.977,79,-1,1435.89743589744,0.144078144078144,34.0164719576715
1743374457997,18:40:57.997,79,-1,1413.91941391941,0.161394161394161,34.0164719576715
1743374458016,18:40:58.016,79,-1,1410.98901098901,0.173826173826174,34.0164719576715
1743374458036,18:40:58.036,79,-1,1419.78021978022,0.176490176490176,34.0164719576715
